timestamp,open,high,low,close,volume
2021-04-05 00:00:00+05:30,857.5,857.5,836.2,844.0,1631140
2021-04-06 00:00:00+05:30,845.5,856.0,840.0,854.1,1283860
2021-04-07 00:00:00+05:30,855.0,893.3,851.2,870.5,3569300
2021-04-08 00:00:00+05:30,871.2,888.0,866.4,884.5,2360120
2021-04-09 00:00:00+05:30,880.6,892.4,875.0,879.6,1478880
2021-04-12 00:00:00+05:30,868.8,881.0,867.0,875.1,1150640
2021-04-13 00:00:00+05:30,879.4,880.0,852.0,858.4,2210540
2021-04-15 00:00:00+05:30,866.2,870.0,838.8,843.8,2366280
2021-04-16 00:00:00+05:30,848.4,866.8,843.2,862.6,1883800
2021-04-19 00:00:00+05:30,860.0,862.0,847.5,854.5,1018760
2021-04-20 00:00:00+05:30,871.0,871.0,844.5,854.8,2073740
2021-04-22 00:00:00+05:30,859.5,859.5,827.6,839.5,4088620
2021-04-23 00:00:00+05:30,839.2,840.0,830.2,831.3,1372000
2021-04-26 00:00:00+05:30,840.0,844.8,833.2,843.5,3047240
2021-04-27 00:00:00+05:30,845.0,846.5,837.5,839.0,893020
2021-04-28 00:00:00+05:30,838.8,841.6,830.6,831.7,1737520
2021-04-29 00:00:00+05:30,834.0,835.7,824.0,825.1,1604140
2021-04-30 00:00:00+05:30,825.0,828.4,812.8,815.4,1955660
2021-05-03 00:00:00+05:30,818.0,828.8,813.6,825.4,1280960
2021-05-04 00:00:00+05:30,825.5,831.0,819.0,827.3,2115920
2021-05-05 00:00:00+05:30,828.0,830.5,822.9,827.4,706440
2021-05-06 00:00:00+05:30,826.2,838.5,826.2,835.9,1406380
2021-05-07 00:00:00+05:30,839.4,839.9,833.2,838.1,753320
2021-05-10 00:00:00+05:30,841.5,842.5,833.5,839.4,953160
2021-05-11 00:00:00+05:30,837.4,847.4,835.5,843.5,1201260
2021-05-12 00:00:00+05:30,838.5,842.9,831.0,835.9,1211520
2021-05-14 00:00:00+05:30,835.8,863.0,830.2,861.2,1931640
2021-05-17 00:00:00+05:30,861.0,865.0,850.0,851.9,1214060
2021-05-18 00:00:00+05:30,856.0,862.4,852.1,859.0,1108780
2021-05-19 00:00:00+05:30,859.4,873.2,859.4,872.5,1768740
2021-05-20 00:00:00+05:30,873.0,875.0,861.1,864.3,985060
2021-05-21 00:00:00+05:30,869.3,877.5,864.0,874.8,1345200
2021-05-24 00:00:00+05:30,870.0,879.4,865.0,868.0,1144120
2021-05-25 00:00:00+05:30,874.8,888.0,871.1,875.8,1439040
2021-05-26 00:00:00+05:30,875.8,880.9,868.4,877.1,916060
2021-05-27 00:00:00+05:30,877.5,895.0,871.8,887.3,2393260
2021-05-28 00:00:00+05:30,888.5,890.7,875.0,875.5,1063240
2021-05-31 00:00:00+05:30,875.4,887.2,870.8,884.8,1140460
2021-06-01 00:00:00+05:30,880.0,890.5,874.0,887.9,1155020
2021-06-02 00:00:00+05:30,875.8,890.6,875.5,882.7,1485240
2021-06-03 00:00:00+05:30,882.5,892.8,878.0,890.0,1007980
2021-06-04 00:00:00+05:30,884.6,885.3,869.0,871.4,4036440
2021-06-07 00:00:00+05:30,873.7,879.5,867.7,876.6,988720
2021-06-08 00:00:00+05:30,876.5,880.6,870.2,874.1,948940
2021-06-09 00:00:00+05:30,873.0,881.3,872.0,877.8,837560
2021-06-10 00:00:00+05:30,876.2,883.8,874.5,877.8,841060
2021-06-11 00:00:00+05:30,880.4,880.4,868.2,876.8,979940
2021-06-14 00:00:00+05:30,873.1,881.5,870.9,878.9,730460
2021-06-15 00:00:00+05:30,882.3,885.5,875.6,884.2,943920
2021-06-16 00:00:00+05:30,882.5,903.4,880.6,898.2,2339240
2021-06-17 00:00:00+05:30,895.8,909.5,895.0,903.0,1515740
2021-06-18 00:00:00+05:30,903.0,905.0,880.0,883.5,2953400
2021-06-21 00:00:00+05:30,881.6,885.5,875.6,882.4,803600
2021-06-22 00:00:00+05:30,883.5,887.4,870.5,871.8,1410640
2021-06-23 00:00:00+05:30,875.0,878.0,868.5,870.8,741680
2021-06-24 00:00:00+05:30,870.8,883.5,866.1,881.0,1300900
2021-06-25 00:00:00+05:30,878.5,882.5,871.8,875.3,780000
2021-06-28 00:00:00+05:30,875.4,881.0,872.7,875.3,809000
2021-06-29 00:00:00+05:30,879.5,887.5,874.5,880.0,1421920
2021-06-30 00:00:00+05:30,882.0,887.2,878.8,881.6,1031340
2021-07-01 00:00:00+05:30,881.5,886.2,878.5,882.3,534000
2021-07-02 00:00:00+05:30,884.0,884.0,874.3,880.1,614460
2021-07-05 00:00:00+05:30,880.2,885.6,876.2,882.1,686440
2021-07-06 00:00:00+05:30,881.8,881.9,870.8,873.5,1251020
2021-07-07 00:00:00+05:30,870.0,890.0,868.0,885.8,1090380
2021-07-08 00:00:00+05:30,880.8,885.0,876.9,881.0,597360
2021-07-09 00:00:00+05:30,877.8,884.0,877.5,881.8,538820
2021-07-12 00:00:00+05:30,887.8,887.8,878.6,882.1,666020
2021-07-13 00:00:00+05:30,886.5,886.6,880.0,884.6,500080
2021-07-14 00:00:00+05:30,884.6,884.6,876.0,877.0,1017220
2021-07-15 00:00:00+05:30,876.2,882.9,872.5,881.1,556780
2021-07-16 00:00:00+05:30,882.8,885.8,876.9,882.7,733700
2021-07-19 00:00:00+05:30,877.5,892.2,877.5,887.6,1028040
2021-07-20 00:00:00+05:30,887.5,895.4,885.0,892.8,891880
2021-07-22 00:00:00+05:30,892.8,902.3,885.0,899.8,2266340
2021-07-23 00:00:00+05:30,896.5,911.2,894.1,907.2,1504620
2021-07-26 00:00:00+05:30,903.6,909.4,900.6,905.1,1069900
2021-07-27 00:00:00+05:30,900.6,922.4,898.6,911.3,2783140
2021-07-28 00:00:00+05:30,916.7,916.7,895.0,901.1,1752740
2021-07-29 00:00:00+05:30,897.5,910.0,889.0,895.8,2710720
2021-07-30 00:00:00+05:30,895.8,897.8,882.8,885.1,1667400
2021-08-02 00:00:00+05:30,889.8,895.0,883.8,885.7,639480
2021-08-03 00:00:00+05:30,883.5,919.0,882.7,914.2,1262560
2021-08-04 00:00:00+05:30,914.7,917.5,900.8,902.9,816440
2021-08-05 00:00:00+05:30,907.5,914.2,900.1,910.4,759280
2021-08-06 00:00:00+05:30,910.0,910.4,899.0,901.0,767480
2021-08-09 00:00:00+05:30,903.5,911.8,901.0,910.1,612720
2021-08-10 00:00:00+05:30,910.5,918.5,904.2,913.7,1229340
2021-08-11 00:00:00+05:30,915.8,915.8,901.3,908.4,699700
2021-08-12 00:00:00+05:30,909.0,912.4,904.0,906.7,489880
2021-08-13 00:00:00+05:30,910.0,914.5,906.6,913.5,822460
2021-08-16 00:00:00+05:30,913.5,925.0,908.8,914.8,899420
2021-08-17 00:00:00+05:30,917.5,939.9,915.1,936.6,1504020
2021-08-18 00:00:00+05:30,937.6,948.4,937.5,945.6,799760
2021-08-20 00:00:00+05:30,927.8,982.0,927.8,978.6,2862140
2021-08-23 00:00:00+05:30,985.0,1004.8,977.9,1001.0,2974840
2021-08-24 00:00:00+05:30,1005.0,1010.0,983.2,989.0,1661680
2021-08-25 00:00:00+05:30,989.3,1016.2,989.3,995.5,2003180
2021-08-26 00:00:00+05:30,998.8,1006.0,990.3,1002.6,1264080
2021-08-27 00:00:00+05:30,1005.0,1005.0,994.8,997.9,702080
2021-08-30 00:00:00+05:30,1002.5,1006.1,984.2,987.1,2679160
2021-08-31 00:00:00+05:30,987.2,992.0,967.5,973.4,4547400
2021-09-01 00:00:00+05:30,987.4,994.5,977.6,991.4,2096860
2021-09-02 00:00:00+05:30,993.7,1014.5,988.0,1012.0,1571540
2021-09-03 00:00:00+05:30,1012.5,1017.2,1005.0,1013.3,939560
2021-09-06 00:00:00+05:30,1013.0,1017.4,1008.0,1011.2,681380
2021-09-07 00:00:00+05:30,1008.3,1019.6,1008.3,1018.4,683060
2021-09-08 00:00:00+05:30,1015.0,1026.5,989.2,992.0,3447460
2021-09-09 00:00:00+05:30,995.5,1026.2,992.0,1022.8,2207220
2021-09-13 00:00:00+05:30,1015.0,1025.0,1011.5,1022.6,750060
2021-09-14 00:00:00+05:30,1022.5,1030.4,1009.0,1011.5,1183700
2021-09-15 00:00:00+05:30,1018.5,1018.5,1004.4,1006.0,752120
2021-09-16 00:00:00+05:30,1005.3,1012.1,998.5,1001.4,1025300
2021-09-17 00:00:00+05:30,1007.8,1015.0,1005.0,1008.8,1902580
2021-09-20 00:00:00+05:30,1006.2,1019.3,1005.0,1016.1,1830260
2021-09-21 00:00:00+05:30,1010.0,1016.5,1000.1,1009.5,2168220
2021-09-22 00:00:00+05:30,1008.7,1008.7,990.5,996.2,2150460
2021-09-23 00:00:00+05:30,1000.0,1006.0,991.0,992.0,1074480
2021-09-24 00:00:00+05:30,996.4,999.0,990.0,993.2,837880
2021-09-27 00:00:00+05:30,995.0,995.0,980.0,982.1,919480
2021-09-28 00:00:00+05:30,984.5,985.9,973.0,977.2,1153720
2021-09-29 00:00:00+05:30,977.2,985.0,971.1,975.4,925900
2021-09-30 00:00:00+05:30,973.9,979.5,965.8,972.3,887460
2021-10-01 00:00:00+05:30,972.2,982.2,962.6,977.5,797380
2021-10-04 00:00:00+05:30,977.5,982.5,968.1,974.6,655920
2021-10-05 00:00:00+05:30,975.0,979.4,967.2,969.8,546560
2021-10-06 00:00:00+05:30,972.2,981.2,953.9,957.8,1452160
2021-10-07 00:00:00+05:30,960.0,965.2,947.8,952.3,953900
2021-10-08 00:00:00+05:30,952.8,959.0,946.9,949.3,1744920
2021-10-11 00:00:00+05:30,951.0,959.8,950.1,954.2,776040
2021-10-12 00:00:00+05:30,953.4,972.5,948.5,970.8,1444980
2021-10-13 00:00:00+05:30,975.0,980.2,961.3,966.0,1078500
2021-10-14 00:00:00+05:30,969.7,971.4,961.2,966.3,843800
2021-10-18 00:00:00+05:30,980.0,980.0,961.0,971.9,1126060
2021-10-19 00:00:00+05:30,973.8,986.6,964.2,968.4,1186040
2021-10-20 00:00:00+05:30,965.0,1010.0,952.5,963.9,4355380
2021-10-21 00:00:00+05:30,973.0,984.0,952.8,961.6,1519240
2021-10-22 00:00:00+05:30,971.9,971.9,942.5,950.3,910300
2021-10-25 00:00:00+05:30,950.0,950.0,930.2,934.8,1082920
2021-10-26 00:00:00+05:30,934.0,964.0,932.0,960.9,2133160
2021-10-27 00:00:00+05:30,959.9,971.0,945.6,950.2,1057640
2021-10-28 00:00:00+05:30,950.5,955.9,942.7,949.6,629000
2021-10-29 00:00:00+05:30,950.0,960.0,937.9,950.0,985500
2021-11-01 00:00:00+05:30,955.0,955.0,936.8,947.0,851420
2021-11-02 00:00:00+05:30,945.0,951.7,932.0,938.7,698980
2021-11-03 00:00:00+05:30,943.0,944.4,928.0,936.8,889580
2021-11-04 00:00:00+05:30,945.0,947.4,940.6,944.4,138100
2021-11-08 00:00:00+05:30,947.4,954.8,934.0,952.4,866240
2021-11-09 00:00:00+05:30,950.8,952.2,940.0,947.0,872960
2021-11-10 00:00:00+05:30,947.4,952.1,940.0,947.6,761180
2021-11-11 00:00:00+05:30,947.5,947.5,933.5,942.7,839120
2021-11-12 00:00:00+05:30,947.5,963.0,943.0,957.1,1330240
2021-11-15 00:00:00+05:30,960.0,975.0,953.5,973.8,1016660
2021-11-16 00:00:00+05:30,972.5,980.0,966.0,973.1,922400
2021-11-17 00:00:00+05:30,970.2,978.2,968.2,973.8,1085520
2021-11-18 00:00:00+05:30,970.0,974.4,964.0,970.3,832140
2021-11-22 00:00:00+05:30,970.7,978.3,941.6,949.8,882760
2021-11-23 00:00:00+05:30,949.8,962.3,945.2,959.1,739200
2021-11-24 00:00:00+05:30,960.0,964.5,947.5,954.4,687100
2021-11-25 00:00:00+05:30,954.2,960.5,945.3,958.9,594900
2021-11-26 00:00:00+05:30,957.4,971.7,949.1,961.1,1128820
2021-11-29 00:00:00+05:30,952.5,958.1,940.0,950.0,962140
2021-11-30 00:00:00+05:30,950.0,971.2,946.8,957.6,3395600
2021-12-01 00:00:00+05:30,960.5,972.5,958.1,969.9,1096240
2021-12-02 00:00:00+05:30,969.9,982.5,961.4,975.2,972000
2021-12-03 00:00:00+05:30,970.1,975.0,956.8,966.1,1508960
2021-12-06 00:00:00+05:30,970.0,970.8,946.4,950.8,698540
2021-12-07 00:00:00+05:30,961.3,972.2,948.8,967.2,1408580
2021-12-08 00:00:00+05:30,961.2,976.2,961.2,974.0,671560
2021-12-09 00:00:00+05:30,975.0,977.4,958.1,964.2,810440
2021-12-10 00:00:00+05:30,961.0,965.5,951.5,963.5,788980
2021-12-13 00:00:00+05:30,961.0,967.5,946.2,949.1,1089800
2021-12-14 00:00:00+05:30,947.6,966.2,945.7,962.0,1381340
2021-12-15 00:00:00+05:30,957.6,965.2,952.5,960.2,1298180
2021-12-16 00:00:00+05:30,960.2,965.8,956.3,962.8,808340
2021-12-17 00:00:00+05:30,955.8,961.6,950.0,954.0,1085560
2021-12-20 00:00:00+05:30,950.0,953.4,930.0,944.0,1426200
2021-12-21 00:00:00+05:30,949.4,964.3,945.0,961.0,693560
2021-12-22 00:00:00+05:30,961.5,967.0,950.6,959.5,732240
2021-12-23 00:00:00+05:30,964.8,965.0,957.8,960.4,951380
2021-12-24 00:00:00+05:30,960.4,971.7,958.6,961.2,684400
2021-12-27 00:00:00+05:30,959.3,970.0,955.0,965.1,531760
2021-12-28 00:00:00+05:30,967.5,973.4,961.8,967.8,420980
2021-12-29 00:00:00+05:30,967.8,972.6,962.6,970.0,585380
2021-12-30 00:00:00+05:30,969.5,979.2,966.2,970.3,797360
2021-12-31 00:00:00+05:30,968.8,990.8,967.5,985.3,797740
2022-01-03 00:00:00+05:30,984.8,990.7,981.9,983.9,517380
2022-01-04 00:00:00+05:30,983.9,997.4,981.4,994.4,700680
2022-01-05 00:00:00+05:30,993.7,1001.2,991.4,996.8,648640
2022-01-06 00:00:00+05:30,987.5,996.8,976.8,982.4,614180
2022-01-07 00:00:00+05:30,982.5,998.0,979.4,995.2,979660
2022-01-10 00:00:00+05:30,995.2,998.4,984.0,985.4,412340
2022-01-11 00:00:00+05:30,977.5,991.2,977.5,988.1,635760
2022-01-12 00:00:00+05:30,992.5,992.5,983.0,985.4,474220
2022-01-13 00:00:00+05:30,987.5,987.5,980.0,985.7,707660
2022-01-14 00:00:00+05:30,985.7,986.0,963.5,970.0,743800
2022-01-17 00:00:00+05:30,970.0,975.8,955.6,966.6,728060
2022-01-18 00:00:00+05:30,964.1,972.5,959.4,969.0,724160
2022-01-19 00:00:00+05:30,968.5,972.2,928.6,946.8,1647660
2022-01-20 00:00:00+05:30,940.0,954.0,930.2,936.7,1581120
2022-01-21 00:00:00+05:30,933.0,953.1,930.5,948.7,1104820
2022-01-24 00:00:00+05:30,948.7,952.0,930.0,935.9,1068740
2022-01-25 00:00:00+05:30,928.6,944.2,915.6,939.6,1157600
2022-01-27 00:00:00+05:30,927.5,939.5,910.9,919.3,1085180
2022-01-28 00:00:00+05:30,920.0,932.4,916.4,919.2,748460
2022-01-31 00:00:00+05:30,921.4,932.0,921.4,926.1,595220
2022-02-01 00:00:00+05:30,930.0,938.9,921.0,933.6,535820
2022-02-02 00:00:00+05:30,941.0,942.5,922.0,925.0,1208320
2022-02-03 00:00:00+05:30,921.0,929.0,913.0,915.3,687080
2022-02-04 00:00:00+05:30,920.0,920.0,910.2,916.6,898480
2022-02-07 00:00:00+05:30,916.6,921.0,895.6,903.6,969380
2022-02-08 00:00:00+05:30,910.2,910.7,899.5,904.4,787700
2022-02-09 00:00:00+05:30,904.5,911.8,901.1,906.8,964860
2022-02-10 00:00:00+05:30,905.0,910.6,900.5,907.0,1008440
2022-02-11 00:00:00+05:30,906.8,906.8,881.0,890.8,1919600
2022-02-14 00:00:00+05:30,885.8,890.0,871.5,883.5,858340
2022-02-15 00:00:00+05:30,883.5,916.2,878.6,909.4,1003400
2022-02-16 00:00:00+05:30,908.4,919.9,901.7,911.2,808200
2022-02-17 00:00:00+05:30,920.0,920.0,898.0,906.3,2276800
2022-02-18 00:00:00+05:30,899.4,911.6,890.6,900.5,1926560
2022-02-21 00:00:00+05:30,898.8,908.0,891.2,905.3,740720
2022-02-22 00:00:00+05:30,899.2,909.7,887.0,905.6,1261740
2022-02-23 00:00:00+05:30,905.6,910.5,891.8,896.3,1184960
2022-02-24 00:00:00+05:30,886.5,898.4,878.0,887.2,2242100
2022-02-25 00:00:00+05:30,890.0,894.8,880.0,885.8,1619780
2022-02-28 00:00:00+05:30,885.0,888.5,866.5,882.0,3157460
2022-03-02 00:00:00+05:30,880.0,894.5,872.8,892.2,1732620
2022-03-03 00:00:00+05:30,894.0,894.0,869.5,871.8,1339280
2022-03-04 00:00:00+05:30,865.0,877.2,851.0,869.6,1034100
2022-03-07 00:00:00+05:30,855.0,870.4,852.0,867.1,1330840
2022-03-08 00:00:00+05:30,865.0,876.5,848.2,863.2,1954480
2022-03-09 00:00:00+05:30,869.0,869.0,853.3,857.3,1422440
2022-03-10 00:00:00+05:30,865.0,884.2,861.0,882.4,1329780
2022-03-11 00:00:00+05:30,880.0,880.9,861.5,866.4,1465580
2022-03-14 00:00:00+05:30,873.9,873.9,857.9,868.4,773300
2022-03-15 00:00:00+05:30,871.0,878.0,862.2,873.1,1244220
2022-03-16 00:00:00+05:30,880.5,894.3,873.6,891.2,967800
2022-03-17 00:00:00+05:30,889.3,918.8,889.3,914.2,2017800
2022-03-21 00:00:00+05:30,917.5,918.5,890.7,893.8,806700
2022-03-22 00:00:00+05:30,886.4,893.5,862.7,871.4,2804480
2022-03-23 00:00:00+05:30,876.8,877.5,863.0,867.2,1185580
2022-03-24 00:00:00+05:30,866.4,875.0,863.0,870.4,863620
2022-03-25 00:00:00+05:30,873.9,873.9,853.8,858.0,1064340
2022-03-28 00:00:00+05:30,862.5,867.4,839.5,843.0,1602220
2022-03-29 00:00:00+05:30,845.0,850.0,841.0,846.1,1675180
2022-03-30 00:00:00+05:30,855.4,867.4,851.1,864.9,1499400
2022-03-31 00:00:00+05:30,862.5,871.7,860.2,869.0,1245620
2022-04-01 00:00:00+05:30,869.0,880.4,862.5,877.8,623180
2022-04-04 00:00:00+05:30,880.5,893.3,873.1,891.0,795680
2022-04-05 00:00:00+05:30,891.3,903.0,885.9,901.2,795640
2022-04-06 00:00:00+05:30,898.8,913.0,893.2,910.8,941160
2022-04-07 00:00:00+05:30,907.5,912.5,899.2,909.4,749740
2022-04-08 00:00:00+05:30,907.6,924.8,903.5,922.6,685620
2022-04-11 00:00:00+05:30,920.9,926.0,910.6,921.3,753380
2022-04-12 00:00:00+05:30,913.8,925.0,911.1,920.9,1098000
2022-04-13 00:00:00+05:30,923.8,927.4,912.5,919.1,546600
2022-04-18 00:00:00+05:30,915.0,934.3,915.0,928.1,1075460
2022-04-19 00:00:00+05:30,927.0,936.2,891.6,897.4,1318840
2022-04-20 00:00:00+05:30,910.0,921.0,899.5,915.2,1763540
2022-04-21 00:00:00+05:30,902.6,928.4,887.6,910.2,3706820
2022-04-22 00:00:00+05:30,902.0,912.5,891.6,909.4,2174140
2022-04-25 00:00:00+05:30,895.0,917.5,892.5,908.7,1690140
2022-04-26 00:00:00+05:30,915.0,927.2,910.0,920.8,1411860
2022-04-27 00:00:00+05:30,907.6,923.3,907.5,911.2,1348600
2022-04-28 00:00:00+05:30,911.9,926.8,908.8,921.4,1579160
2022-04-29 00:00:00+05:30,920.5,933.3,913.3,916.5,1267960
2022-05-02 00:00:00+05:30,913.4,924.0,910.5,922.0,831940
2022-05-04 00:00:00+05:30,914.0,923.6,898.5,904.4,1217140
2022-05-05 00:00:00+05:30,915.5,918.9,875.3,880.2,1266260
2022-05-06 00:00:00+05:30,875.0,880.0,848.8,849.8,1799940
2022-05-09 00:00:00+05:30,849.7,852.8,822.5,825.2,2302940
2022-05-10 00:00:00+05:30,832.0,834.0,820.0,826.0,1343540
2022-05-11 00:00:00+05:30,826.0,832.0,811.8,825.6,1235740
2022-05-12 00:00:00+05:30,824.2,824.2,806.4,811.0,1435520
2022-05-13 00:00:00+05:30,824.5,828.1,815.2,820.2,1108780
2022-05-16 00:00:00+05:30,825.1,826.0,806.7,811.0,1049660
2022-05-17 00:00:00+05:30,819.5,819.5,808.2,816.2,1726100
2022-05-18 00:00:00+05:30,816.2,820.9,810.6,817.2,1920180
2022-05-19 00:00:00+05:30,808.5,812.2,800.0,804.7,1410040
2022-05-20 00:00:00+05:30,816.0,848.0,812.5,843.1,3049540
2022-05-23 00:00:00+05:30,853.0,868.5,845.6,849.7,2063460
2022-05-24 00:00:00+05:30,857.4,863.9,842.6,859.4,1848200
2022-05-25 00:00:00+05:30,864.0,879.3,860.2,864.2,1630020
2022-05-26 00:00:00+05:30,871.8,886.5,866.1,882.6,2111620
2022-05-27 00:00:00+05:30,887.5,891.4,874.4,882.0,850540
2022-05-30 00:00:00+05:30,885.0,899.4,881.8,885.4,1041160
2022-05-31 00:00:00+05:30,885.2,907.9,872.8,884.6,7190740
2022-06-01 00:00:00+05:30,879.0,892.4,859.0,862.1,1164940
2022-06-02 00:00:00+05:30,862.0,873.8,851.0,869.7,1377980
2022-06-03 00:00:00+05:30,878.2,878.4,856.3,858.6,1053720
2022-06-06 00:00:00+05:30,858.6,861.8,847.6,849.8,720020
2022-06-07 00:00:00+05:30,842.5,850.0,830.5,837.4,1015240
2022-06-08 00:00:00+05:30,831.5,838.0,822.3,836.2,1632720
2022-06-09 00:00:00+05:30,834.0,841.2,824.2,838.4,574960
2022-06-10 00:00:00+05:30,833.0,843.6,826.8,838.8,896200
2022-06-13 00:00:00+05:30,834.5,848.5,827.0,842.7,2369280
2022-06-14 00:00:00+05:30,842.8,855.0,838.0,843.6,1321620
2022-06-15 00:00:00+05:30,853.2,853.2,833.0,840.1,1295060
2022-06-16 00:00:00+05:30,847.4,847.4,830.8,843.7,1615080
2022-06-17 00:00:00+05:30,842.4,842.8,821.8,832.1,2912380
2022-06-20 00:00:00+05:30,835.0,851.2,826.9,848.4,978040
2022-06-21 00:00:00+05:30,849.0,860.0,843.0,848.6,1112620
2022-06-22 00:00:00+05:30,847.5,847.5,829.3,838.8,1047280
2022-06-23 00:00:00+05:30,841.0,852.2,835.0,848.8,633500
2022-06-24 00:00:00+05:30,847.5,862.5,846.1,861.6,607600
2022-06-27 00:00:00+05:30,867.5,870.4,859.1,867.9,1276840
2022-06-28 00:00:00+05:30,865.0,875.0,852.6,870.2,1044480
2022-06-29 00:00:00+05:30,867.5,876.2,862.6,875.0,1939440
2022-06-30 00:00:00+05:30,875.0,878.4,861.7,873.5,2056840
2022-07-01 00:00:00+05:30,870.0,891.5,866.6,889.8,770940
2022-07-04 00:00:00+05:30,890.0,901.2,885.2,899.7,974580
2022-07-05 00:00:00+05:30,899.7,907.2,895.0,899.2,828760
2022-07-06 00:00:00+05:30,899.2,921.4,890.0,919.4,1567820
2022-07-07 00:00:00+05:30,919.5,927.5,908.7,910.2,1037580
2022-07-08 00:00:00+05:30,915.0,922.5,911.1,921.0,1176500
2022-07-11 00:00:00+05:30,920.0,926.2,917.1,924.5,787640
2022-07-12 00:00:00+05:30,920.8,923.5,905.0,906.2,523780
2022-07-13 00:00:00+05:30,906.5,916.2,906.5,912.5,455020
2022-07-14 00:00:00+05:30,912.5,922.0,906.6,918.2,1045880
2022-07-15 00:00:00+05:30,920.0,941.8,918.8,938.6,990020
2022-07-18 00:00:00+05:30,941.9,948.6,927.6,931.3,879540
2022-07-19 00:00:00+05:30,930.0,932.4,911.3,918.9,874560
2022-07-20 00:00:00+05:30,927.5,933.0,912.5,930.8,1093260
2022-07-21 00:00:00+05:30,930.0,944.5,929.7,942.0,1013120
2022-07-22 00:00:00+05:30,945.4,954.2,941.8,949.4,1264000
2022-07-25 00:00:00+05:30,949.4,950.5,935.6,937.9,719180
2022-07-26 00:00:00+05:30,939.0,939.0,912.5,925.5,2789420
2022-07-27 00:00:00+05:30,927.2,933.4,917.5,927.1,899460
2022-07-28 00:00:00+05:30,928.8,967.2,923.0,955.6,2609140
2022-07-29 00:00:00+05:30,955.6,971.2,950.0,968.0,2276500
2022-08-01 00:00:00+05:30,972.1,975.0,955.2,962.8,1171340
2022-08-02 00:00:00+05:30,968.8,975.0,965.0,973.0,1124380
2022-08-03 00:00:00+05:30,967.0,977.3,952.5,968.3,1026500
2022-08-04 00:00:00+05:30,970.0,996.2,969.8,992.5,1765600
2022-08-05 00:00:00+05:30,992.0,1001.0,986.4,996.1,1251200
2022-08-08 00:00:00+05:30,995.2,999.4,977.5,982.6,1149180
2022-08-10 00:00:00+05:30,992.5,1007.5,975.2,988.5,1444140
2022-08-11 00:00:00+05:30,990.0,999.1,979.4,984.0,1009220
2022-08-12 00:00:00+05:30,985.0,987.8,970.7,977.2,978060
2022-08-16 00:00:00+05:30,977.5,992.7,974.2,984.2,1321660
2022-08-17 00:00:00+05:30,984.1,992.2,983.4,986.8,792000
2022-08-18 00:00:00+05:30,986.0,986.6,974.0,977.9,978420
2022-08-19 00:00:00+05:30,980.0,983.5,967.5,972.0,733960
2022-08-22 00:00:00+05:30,970.0,981.5,967.5,972.6,795880
2022-08-23 00:00:00+05:30,965.0,984.4,962.6,981.3,857620
2022-08-24 00:00:00+05:30,981.0,985.8,968.4,983.6,675360
2022-08-25 00:00:00+05:30,983.6,989.3,973.2,976.3,518180
2022-08-26 00:00:00+05:30,977.0,983.3,971.4,976.4,559780
2022-08-29 00:00:00+05:30,970.0,988.0,964.2,982.3,969240
2022-08-30 00:00:00+05:30,983.0,999.8,983.0,996.3,2195020
2022-09-01 00:00:00+05:30,985.0,1002.5,978.7,986.6,1581240
2022-09-02 00:00:00+05:30,987.6,992.4,976.5,978.1,624820
2022-09-05 00:00:00+05:30,975.0,979.1,961.4,963.0,994480
2022-09-06 00:00:00+05:30,963.0,965.4,947.2,952.1,1187400
2022-09-07 00:00:00+05:30,952.1,965.4,950.8,959.0,1114720
2022-09-08 00:00:00+05:30,960.0,963.8,950.2,956.2,1092940
2022-09-09 00:00:00+05:30,968.5,968.5,949.6,952.6,968680
2022-09-12 00:00:00+05:30,952.6,958.0,944.5,948.4,871200
2022-09-13 00:00:00+05:30,948.5,963.3,948.5,953.2,1022920
2022-09-14 00:00:00+05:30,943.6,961.7,943.6,955.4,1232020
2022-09-15 00:00:00+05:30,959.7,962.8,948.9,950.4,669100
2022-09-16 00:00:00+05:30,950.4,950.4,917.0,920.2,2323260
2022-09-19 00:00:00+05:30,924.8,942.0,913.4,938.2,1072620
2022-09-20 00:00:00+05:30,940.5,946.0,928.8,930.8,1676000
2022-09-21 00:00:00+05:30,930.8,944.5,929.6,932.5,925980
2022-09-22 00:00:00+05:30,932.5,941.8,929.0,931.9,1558620
2022-09-23 00:00:00+05:30,929.6,932.8,922.5,924.8,716840
2022-09-26 00:00:00+05:30,924.8,944.5,919.9,922.7,2261700
2022-09-27 00:00:00+05:30,927.4,939.8,927.3,933.6,1386280
2022-09-28 00:00:00+05:30,932.8,949.0,926.3,942.0,2110340
2022-09-29 00:00:00+05:30,946.8,956.5,939.6,949.0,1743900
2022-09-30 00:00:00+05:30,947.5,959.8,944.7,957.2,1619460
2022-10-03 00:00:00+05:30,955.9,957.2,938.5,949.6,1040920
2022-10-04 00:00:00+05:30,962.5,967.5,952.6,962.6,745780
2022-10-06 00:00:00+05:30,967.1,976.2,961.8,965.0,1340720
2022-10-07 00:00:00+05:30,963.8,969.0,958.4,966.0,792260
2022-10-10 00:00:00+05:30,955.0,960.2,950.2,956.0,692380
2022-10-11 00:00:00+05:30,960.2,960.7,920.5,922.5,1098520
2022-10-12 00:00:00+05:30,927.0,938.4,922.5,936.3,774960
2022-10-13 00:00:00+05:30,939.5,946.1,930.2,938.2,605540
2022-10-14 00:00:00+05:30,948.0,950.7,942.5,946.4,441300
2022-10-17 00:00:00+05:30,942.5,953.0,939.6,946.0,348500
2022-10-18 00:00:00+05:30,951.0,971.4,949.5,969.4,1070220
2022-10-19 00:00:00+05:30,969.4,992.4,962.7,987.0,2609600
2022-10-20 00:00:00+05:30,986.0,1007.2,985.0,1003.0,2257080
2022-10-21 00:00:00+05:30,1003.0,1017.5,999.1,1014.8,1143860
2022-10-24 00:00:00+05:30,1017.8,1052.5,1017.5,1043.8,903960
2022-10-25 00:00:00+05:30,1040.0,1052.4,1010.8,1014.1,1427060
2022-10-27 00:00:00+05:30,1023.4,1023.8,995.5,1006.6,2029480
2022-10-28 00:00:00+05:30,1006.6,1018.6,1002.5,1014.1,1298600
2022-10-31 00:00:00+05:30,1014.1,1023.5,1007.5,1018.2,1591100
2022-11-01 00:00:00+05:30,1020.0,1036.8,1018.5,1029.5,794120
2022-11-02 00:00:00+05:30,1029.5,1035.0,1011.1,1019.4,866340
2022-11-03 00:00:00+05:30,1011.2,1023.8,1007.5,1021.2,706560
2022-11-04 00:00:00+05:30,1021.2,1026.8,1015.2,1021.3,377460
2022-11-07 00:00:00+05:30,1022.6,1036.0,1018.5,1024.0,1354440
2022-11-09 00:00:00+05:30,1030.8,1042.1,1010.2,1016.0,1044900
2022-11-10 00:00:00+05:30,1015.0,1020.0,1002.2,1008.8,779820
2022-11-11 00:00:00+05:30,1013.8,1025.0,1010.0,1016.1,716740
2022-11-14 00:00:00+05:30,1016.2,1019.6,994.6,1003.2,969520
2022-11-15 00:00:00+05:30,1008.2,1009.3,992.5,1002.8,786820
2022-11-16 00:00:00+05:30,999.6,1007.2,991.2,1004.9,895520
2022-11-17 00:00:00+05:30,1006.5,1007.0,994.1,999.6,555640
2022-11-18 00:00:00+05:30,999.8,1002.3,989.0,996.2,733720
2022-11-21 00:00:00+05:30,992.6,993.0,983.3,988.1,996880
2022-11-22 00:00:00+05:30,988.1,992.5,977.5,980.7,948440
2022-11-23 00:00:00+05:30,985.0,990.6,975.5,978.2,1034440
2022-11-24 00:00:00+05:30,981.2,993.7,975.0,986.8,1193920
2022-11-25 00:00:00+05:30,990.0,991.2,972.0,976.5,1157160
2022-11-28 00:00:00+05:30,976.2,992.2,973.0,990.8,1060000
2022-11-29 00:00:00+05:30,987.5,1018.8,986.5,1006.0,1474460
2022-11-30 00:00:00+05:30,1006.0,1017.0,992.0,1009.2,6267780
2022-12-01 00:00:00+05:30,1009.5,1017.5,996.8,1002.5,1058520
2022-12-02 00:00:00+05:30,1002.5,1006.9,984.0,987.6,1392340
2022-12-05 00:00:00+05:30,988.0,992.5,977.6,987.6,1699980
2022-12-06 00:00:00+05:30,987.0,999.5,978.8,995.6,1362180
2022-12-07 00:00:00+05:30,996.0,1004.0,991.4,995.6,1139120
2022-12-08 00:00:00+05:30,995.0,1005.0,986.6,990.3,812480
2022-12-09 00:00:00+05:30,998.4,1014.8,992.2,1012.1,1535100
2022-12-12 00:00:00+05:30,1012.5,1026.0,1007.2,1024.4,1621200
2022-12-13 00:00:00+05:30,1028.0,1031.8,1016.5,1019.4,982680
2022-12-14 00:00:00+05:30,1019.2,1022.5,1000.3,1003.2,1633600
2022-12-15 00:00:00+05:30,1003.2,1007.5,981.7,986.9,791080
2022-12-16 00:00:00+05:30,986.2,993.0,978.5,986.9,1386420
2022-12-19 00:00:00+05:30,990.0,1006.0,990.0,1004.1,1308960
2022-12-20 00:00:00+05:30,1007.5,1008.4,992.6,1006.8,933520
2022-12-21 00:00:00+05:30,1008.2,1017.4,1003.1,1015.7,1407560
2022-12-22 00:00:00+05:30,1019.8,1022.0,1007.9,1015.3,753760
2022-12-23 00:00:00+05:30,1010.0,1022.8,1002.8,1006.6,1488080
2022-12-26 00:00:00+05:30,1008.8,1012.3,993.0,994.9,667640
2022-12-27 00:00:00+05:30,995.0,1000.9,987.2,988.8,805820
2022-12-28 00:00:00+05:30,989.5,994.8,985.5,992.2,706920
2022-12-29 00:00:00+05:30,992.0,995.9,981.5,990.4,797020
2022-12-30 00:00:00+05:30,992.0,994.5,978.1,980.3,852880
2023-01-02 00:00:00+05:30,980.8,985.8,975.0,978.1,503280
2023-01-03 00:00:00+05:30,980.0,988.0,973.8,986.4,628300
2023-01-04 00:00:00+05:30,989.0,989.9,975.0,976.0,639680
2023-01-05 00:00:00+05:30,977.0,994.7,976.0,988.8,1027860
2023-01-06 00:00:00+05:30,990.0,996.3,988.8,994.2,787720
2023-01-09 00:00:00+05:30,996.8,1008.2,994.8,1004.3,722880
2023-01-10 00:00:00+05:30,1003.2,1009.4,997.8,1001.2,633360
2023-01-11 00:00:00+05:30,1003.5,1004.2,985.9,987.9,650200
2023-01-12 00:00:00+05:30,987.9,997.5,987.0,993.6,661240
2023-01-13 00:00:00+05:30,997.5,997.5,986.2,989.2,695420
2023-01-16 00:00:00+05:30,992.0,992.0,985.0,986.8,485300
2023-01-17 00:00:00+05:30,986.8,998.3,985.6,997.3,803740
2023-01-18 00:00:00+05:30,997.5,1002.1,988.7,991.2,727980
2023-01-19 00:00:00+05:30,991.2,994.8,980.6,984.0,619980
2023-01-20 00:00:00+05:30,983.0,983.4,957.5,960.0,1440440
2023-01-23 00:00:00+05:30,962.5,972.0,957.6,968.4,758000
2023-01-24 00:00:00+05:30,970.0,971.7,957.4,964.5,754240
2023-01-25 00:00:00+05:30,967.4,967.5,957.5,961.8,823200
2023-01-27 00:00:00+05:30,963.0,969.7,951.3,960.8,895540
2023-01-30 00:00:00+05:30,960.3,960.7,948.9,958.3,996600
2023-01-31 00:00:00+05:30,960.0,960.0,946.4,950.9,2350000
2023-02-01 00:00:00+05:30,955.0,958.8,945.8,954.5,1376100
2023-02-02 00:00:00+05:30,956.4,956.4,942.5,947.7,1418440
2023-02-03 00:00:00+05:30,950.3,952.7,938.5,950.2,1111560
2023-02-06 00:00:00+05:30,950.0,953.0,937.7,951.1,1382680
2023-02-07 00:00:00+05:30,951.2,955.0,944.0,948.9,797460
2023-02-08 00:00:00+05:30,947.5,953.2,944.5,949.8,465340
2023-02-09 00:00:00+05:30,950.0,954.2,947.6,950.0,694680
2023-02-10 00:00:00+05:30,950.5,953.5,943.8,951.2,527660
2023-02-13 00:00:00+05:30,954.8,960.0,947.5,951.4,649780
2023-02-14 00:00:00+05:30,955.8,963.0,951.4,954.2,771780
2023-02-15 00:00:00+05:30,953.8,965.0,946.5,963.0,639960
2023-02-16 00:00:00+05:30,971.5,990.0,957.0,981.4,3480140
2023-02-17 00:00:00+05:30,978.8,978.8,941.1,951.1,3768700
2023-02-20 00:00:00+05:30,951.5,957.2,939.0,941.2,1306220
2023-02-21 00:00:00+05:30,944.0,946.7,938.0,942.4,899080
2023-02-22 00:00:00+05:30,944.2,944.2,931.6,933.7,841600
2023-02-23 00:00:00+05:30,933.0,941.2,927.6,932.4,985360
2023-02-24 00:00:00+05:30,937.0,942.4,930.8,934.0,777500
2023-02-27 00:00:00+05:30,935.0,942.2,924.6,931.2,1032500
2023-02-28 00:00:00+05:30,931.5,936.2,923.0,933.5,2183640
2023-03-01 00:00:00+05:30,935.0,941.0,928.8,939.0,1278520
2023-03-02 00:00:00+05:30,940.0,940.0,922.8,924.1,781400
2023-03-03 00:00:00+05:30,927.4,930.7,920.3,922.5,920360
2023-03-06 00:00:00+05:30,926.1,927.7,921.2,925.8,1058980
2023-03-08 00:00:00+05:30,920.2,928.7,919.9,925.9,914920
2023-03-09 00:00:00+05:30,925.0,929.0,921.5,926.8,1132300
2023-03-10 00:00:00+05:30,926.5,926.5,917.8,924.3,472680
2023-03-13 00:00:00+05:30,921.5,925.0,913.0,915.9,729520
2023-03-14 00:00:00+05:30,917.5,921.8,910.6,913.2,877580
2023-03-15 00:00:00+05:30,915.0,918.6,894.0,899.7,1559160
2023-03-16 00:00:00+05:30,899.5,925.0,898.4,922.5,1660860
2023-03-17 00:00:00+05:30,925.0,943.8,923.8,942.9,2668600
2023-03-20 00:00:00+05:30,945.0,949.5,932.6,946.9,1512900
2023-03-21 00:00:00+05:30,949.5,963.0,941.0,946.4,1955240
2023-03-22 00:00:00+05:30,950.4,950.4,934.9,941.0,564960
2023-03-23 00:00:00+05:30,941.0,958.5,935.5,952.2,1133700
2023-03-24 00:00:00+05:30,950.2,955.0,944.4,947.6,525980
2023-03-27 00:00:00+05:30,950.0,956.4,940.8,944.6,717080
2023-03-28 00:00:00+05:30,945.0,951.0,942.5,947.3,709620
2023-03-29 00:00:00+05:30,946.5,956.2,943.8,952.6,972120
2023-03-31 00:00:00+05:30,957.8,987.6,957.8,985.2,2968880
2023-04-03 00:00:00+05:30,989.2,989.5,969.3,985.3,1274800
2023-04-05 00:00:00+05:30,983.0,993.6,980.0,991.1,943020
2023-04-06 00:00:00+05:30,989.8,992.0,980.2,985.4,819560
2023-04-10 00:00:00+05:30,985.0,985.8,975.0,976.5,448280
2023-04-11 00:00:00+05:30,982.4,984.8,973.8,983.7,882520
2023-04-12 00:00:00+05:30,984.8,984.8,968.2,972.0,1137640
2023-04-13 00:00:00+05:30,975.0,984.0,970.8,973.3,923020
2023-04-17 00:00:00+05:30,979.5,1020.5,975.1,1012.2,3887020
2023-04-18 00:00:00+05:30,1010.0,1035.0,1010.0,1033.0,2797200
2023-04-19 00:00:00+05:30,1033.0,1033.2,1019.4,1030.9,1797480
2023-04-20 00:00:00+05:30,1029.8,1036.0,1019.0,1023.6,1044260
2023-04-21 00:00:00+05:30,1023.6,1029.4,1019.4,1024.8,886100
2023-04-24 00:00:00+05:30,1025.0,1035.4,1020.0,1034.5,1157360
2023-04-25 00:00:00+05:30,1035.4,1046.4,1015.4,1033.2,3369280
2023-04-26 00:00:00+05:30,1030.0,1054.4,1023.6,1051.3,2497880
2023-04-27 00:00:00+05:30,1053.3,1060.0,1050.0,1057.4,2044640
2023-04-28 00:00:00+05:30,1059.1,1092.5,1056.5,1088.1,3330320
2023-05-02 00:00:00+05:30,1090.0,1105.0,1083.6,1087.3,1783400
2023-05-03 00:00:00+05:30,1087.2,1097.3,1078.9,1093.8,1140260
2023-05-04 00:00:00+05:30,1094.0,1099.8,1081.9,1084.7,1270680
2023-05-05 00:00:00+05:30,1090.0,1103.9,1087.5,1101.0,1101520
2023-05-08 00:00:00+05:30,1102.5,1115.0,1088.0,1099.2,1513120
2023-05-09 00:00:00+05:30,1100.0,1107.2,1092.3,1098.6,865740
2023-05-10 00:00:00+05:30,1098.6,1106.5,1098.5,1102.5,1208820
2023-05-11 00:00:00+05:30,1105.0,1111.8,1097.5,1101.0,1378740
2023-05-12 00:00:00+05:30,1101.0,1103.5,1087.0,1089.7,1339220
2023-05-15 00:00:00+05:30,1091.0,1101.0,1087.6,1089.3,1451400
2023-05-16 00:00:00+05:30,1093.8,1099.4,1086.0,1089.0,1545140
2023-05-17 00:00:00+05:30,1089.0,1094.6,1080.0,1086.6,1335760
2023-05-18 00:00:00+05:30,1092.5,1097.5,1082.5,1084.0,1023500
2023-05-19 00:00:00+05:30,1090.0,1090.0,1075.3,1084.5,1464400
2023-05-22 00:00:00+05:30,1085.0,1085.0,1071.1,1074.8,1021900
2023-05-23 00:00:00+05:30,1072.5,1080.5,1068.1,1070.2,1109180
2023-05-24 00:00:00+05:30,1070.2,1074.9,1063.8,1069.0,887280
2023-05-25 00:00:00+05:30,1075.0,1081.6,1065.6,1073.8,1630040
2023-05-26 00:00:00+05:30,1074.2,1081.4,1068.5,1079.1,1263180
2023-05-29 00:00:00+05:30,1086.2,1092.5,1077.6,1086.5,1068740
2023-05-30 00:00:00+05:30,1084.0,1086.4,1075.6,1078.7,939620
2023-05-31 00:00:00+05:30,1079.0,1092.9,1075.8,1083.6,8495880
2023-06-01 00:00:00+05:30,1089.3,1096.2,1078.6,1093.7,1197320
2023-06-02 00:00:00+05:30,1100.0,1104.8,1091.0,1102.3,1164960
2023-06-05 00:00:00+05:30,1100.0,1106.5,1089.5,1091.7,1630180
2023-06-06 00:00:00+05:30,1093.7,1096.6,1080.9,1085.3,1570460
2023-06-07 00:00:00+05:30,1087.5,1121.2,1087.5,1118.4,3136240
2023-06-08 00:00:00+05:30,1123.0,1128.9,1104.4,1107.4,1458580
2023-06-09 00:00:00+05:30,1105.0,1114.0,1102.0,1103.7,1418300
2023-06-12 00:00:00+05:30,1102.5,1117.4,1101.4,1114.5,1247040
2023-06-13 00:00:00+05:30,1117.4,1133.9,1114.6,1124.6,1666940
2023-06-14 00:00:00+05:30,1126.2,1137.6,1125.0,1136.4,1447540
2023-06-15 00:00:00+05:30,1136.4,1150.0,1131.6,1148.3,1475140
2023-06-16 00:00:00+05:30,1148.3,1158.8,1143.9,1148.4,1470820
2023-06-19 00:00:00+05:30,1151.2,1157.5,1138.0,1139.8,866620
2023-06-20 00:00:00+05:30,1139.8,1150.0,1136.0,1147.8,1377540
2023-06-21 00:00:00+05:30,1147.8,1153.5,1138.2,1144.6,1292840
2023-06-22 00:00:00+05:30,1140.0,1144.6,1124.6,1126.6,998060
2023-06-23 00:00:00+05:30,1126.6,1131.0,1122.7,1126.8,870300
2023-06-26 00:00:00+05:30,1126.0,1135.0,1125.2,1131.6,700300
2023-06-27 00:00:00+05:30,1131.6,1143.5,1125.2,1131.8,882660
2023-06-28 00:00:00+05:30,1133.5,1140.0,1129.0,1137.2,1112480
2023-06-30 00:00:00+05:30,1137.5,1147.3,1131.2,1144.7,737240
2023-07-03 00:00:00+05:30,1147.5,1147.5,1129.2,1131.6,1105380
2023-07-04 00:00:00+05:30,1137.4,1142.2,1126.3,1131.2,602980
2023-07-05 00:00:00+05:30,1129.3,1147.2,1129.0,1145.0,777760
2023-07-06 00:00:00+05:30,1146.8,1169.6,1145.2,1155.0,1807340
2023-07-07 00:00:00+05:30,1157.8,1162.4,1142.5,1145.3,1129280
2023-07-10 00:00:00+05:30,1143.4,1152.1,1127.5,1129.0,727760
2023-07-11 00:00:00+05:30,1130.5,1148.0,1127.5,1142.6,1370520
2023-07-12 00:00:00+05:30,1147.0,1155.0,1140.8,1153.0,961800
2023-07-13 00:00:00+05:30,1153.0,1156.1,1138.8,1141.0,864320
2023-07-14 00:00:00+05:30,1141.0,1160.0,1140.0,1156.9,909140
2023-07-17 00:00:00+05:30,1160.0,1169.8,1147.8,1153.6,835900
2023-07-18 00:00:00+05:30,1159.5,1159.5,1141.0,1148.8,651680
2023-07-19 00:00:00+05:30,1147.5,1151.2,1140.1,1147.0,557620
2023-07-20 00:00:00+05:30,1147.0,1154.2,1137.6,1150.4,755840
2023-07-21 00:00:00+05:30,1150.8,1161.6,1145.6,1149.1,736860
2023-07-24 00:00:00+05:30,1149.0,1152.4,1135.4,1141.0,841620
2023-07-25 00:00:00+05:30,1157.0,1157.0,1133.8,1138.6,1251520
2023-07-26 00:00:00+05:30,1139.6,1145.0,1135.1,1140.0,689240
2023-07-27 00:00:00+05:30,1143.0,1145.0,1103.8,1116.3,3587480
2023-07-28 00:00:00+05:30,1116.3,1131.6,1109.4,1124.0,1344220
2023-07-31 00:00:00+05:30,1132.5,1132.7,1121.5,1127.7,972180
2023-08-01 00:00:00+05:30,1130.4,1134.5,1121.2,1129.7,1300380
2023-08-02 00:00:00+05:30,1134.5,1146.9,1125.5,1144.1,2093220
2023-08-03 00:00:00+05:30,1144.4,1144.4,1120.1,1123.8,899420
2023-08-04 00:00:00+05:30,1124.8,1135.0,1120.6,1122.7,820200
2023-08-07 00:00:00+05:30,1122.7,1127.6,1107.5,1123.0,824920
2023-08-08 00:00:00+05:30,1123.5,1125.0,1105.0,1111.4,1160640
2023-08-09 00:00:00+05:30,1114.0,1117.8,1108.1,1110.9,745700
2023-08-10 00:00:00+05:30,1108.2,1112.2,1094.8,1099.5,1411580
2023-08-11 00:00:00+05:30,1099.5,1100.5,1087.5,1092.1,767260
2023-08-14 00:00:00+05:30,1092.2,1102.0,1085.4,1095.0,815760
2023-08-16 00:00:00+05:30,1106.5,1106.5,1089.3,1097.4,578600
2023-08-17 00:00:00+05:30,1095.0,1101.4,1080.1,1083.4,1399840
2023-08-18 00:00:00+05:30,1083.4,1094.0,1072.5,1091.5,1313340
2023-08-21 00:00:00+05:30,1091.5,1108.8,1086.8,1101.7,741920
2023-08-22 00:00:00+05:30,1101.7,1104.6,1095.3,1101.3,810440
2023-08-23 00:00:00+05:30,1105.0,1113.5,1097.5,1109.2,1227560
2023-08-24 00:00:00+05:30,1114.2,1114.5,1107.2,1112.2,920400
2023-08-25 00:00:00+05:30,1109.5,1114.0,1105.6,1109.4,839280
2023-08-28 00:00:00+05:30,1109.6,1110.7,1100.0,1101.7,830140
2023-08-29 00:00:00+05:30,1103.5,1109.0,1097.5,1103.2,1048560
2023-08-30 00:00:00+05:30,1103.2,1114.0,1100.5,1109.9,1296640
2023-08-31 00:00:00+05:30,1112.5,1114.4,1083.5,1099.3,4661300
2023-09-01 00:00:00+05:30,1102.5,1105.5,1093.0,1095.8,716980
2023-09-04 00:00:00+05:30,1098.8,1099.0,1081.6,1086.9,1481820
2023-09-05 00:00:00+05:30,1087.7,1099.9,1087.7,1097.7,1246260
2023-09-06 00:00:00+05:30,1097.7,1105.0,1088.7,1100.2,1125840
2023-09-07 00:00:00+05:30,1098.9,1104.2,1091.1,1094.8,823180
2023-09-08 00:00:00+05:30,1097.3,1099.0,1091.5,1094.2,609540
2023-09-11 00:00:00+05:30,1095.5,1110.0,1093.7,1106.4,939540
2023-09-12 00:00:00+05:30,1106.7,1119.8,1100.8,1115.9,987580
2023-09-13 00:00:00+05:30,1113.8,1128.4,1107.5,1109.0,1016500
2023-09-14 00:00:00+05:30,1111.5,1125.5,1107.8,1123.9,1621120
2023-09-15 00:00:00+05:30,1125.0,1135.0,1116.0,1131.1,2322820
2023-09-18 00:00:00+05:30,1131.0,1142.0,1122.6,1141.0,1150640
2023-09-20 00:00:00+05:30,1127.8,1141.3,1127.8,1134.0,1149000
2023-09-21 00:00:00+05:30,1133.0,1133.5,1117.5,1126.7,923660
2023-09-22 00:00:00+05:30,1126.0,1132.0,1119.0,1126.6,766020
2023-09-25 00:00:00+05:30,1128.5,1135.4,1122.6,1132.0,688540
2023-09-26 00:00:00+05:30,1135.0,1153.2,1129.8,1150.3,1320020
2023-09-27 00:00:00+05:30,1150.2,1150.3,1137.1,1143.6,833060
2023-09-28 00:00:00+05:30,1145.0,1145.4,1122.4,1126.9,1039620
2023-09-29 00:00:00+05:30,1127.6,1135.2,1121.5,1125.4,904580
2023-10-03 00:00:00+05:30,1125.4,1129.7,1112.8,1115.8,1000260
2023-10-04 00:00:00+05:30,1140.2,1168.0,1127.6,1149.3,4269760
2023-10-05 00:00:00+05:30,1150.2,1155.4,1138.8,1145.9,1360000
2023-10-06 00:00:00+05:30,1149.5,1153.4,1140.8,1145.6,776240
2023-10-09 00:00:00+05:30,1140.6,1149.0,1140.0,1144.1,475100
2023-10-10 00:00:00+05:30,1148.0,1150.8,1141.3,1148.4,793260
2023-10-11 00:00:00+05:30,1148.4,1163.7,1146.5,1160.1,1346760
2023-10-12 00:00:00+05:30,1161.2,1165.0,1148.1,1153.8,1084440
2023-10-13 00:00:00+05:30,1153.8,1180.0,1147.8,1177.7,1815820
2023-10-16 00:00:00+05:30,1177.5,1177.5,1148.8,1155.4,1732160
2023-10-17 00:00:00+05:30,1156.5,1168.1,1156.5,1166.3,763320
2023-10-18 00:00:00+05:30,1166.3,1172.4,1160.0,1163.2,713420
2023-10-19 00:00:00+05:30,1162.8,1211.4,1155.0,1206.6,5848240
2023-10-20 00:00:00+05:30,1205.0,1237.2,1200.1,1214.0,4158680
2023-10-23 00:00:00+05:30,1215.0,1233.8,1206.4,1209.9,1584600
2023-10-25 00:00:00+05:30,1214.0,1226.5,1207.6,1213.1,2227000
2023-10-26 00:00:00+05:30,1213.0,1213.0,1171.0,1177.3,2538800
2023-10-27 00:00:00+05:30,1177.5,1211.4,1172.0,1202.8,2608740
2023-10-30 00:00:00+05:30,1205.0,1212.5,1193.2,1208.6,1452280
2023-10-31 00:00:00+05:30,1215.0,1216.5,1206.1,1211.8,1032780
2023-11-01 00:00:00+05:30,1210.0,1210.0,1189.0,1193.6,1273800
2023-11-02 00:00:00+05:30,1199.5,1207.5,1188.6,1205.6,2141360
2023-11-03 00:00:00+05:30,1207.2,1210.0,1198.8,1200.0,954280
2023-11-06 00:00:00+05:30,1207.5,1219.5,1202.9,1214.5,1485520
2023-11-07 00:00:00+05:30,1214.4,1224.0,1206.0,1218.5,1059300
2023-11-08 00:00:00+05:30,1218.4,1220.6,1211.0,1214.1,726100
2023-11-09 00:00:00+05:30,1217.5,1220.8,1209.6,1211.4,844460
2023-11-10 00:00:00+05:30,1211.4,1212.5,1202.8,1206.8,566340
2023-11-12 00:00:00+05:30,1217.0,1217.4,1207.0,1214.2,127160
2023-11-13 00:00:00+05:30,1214.9,1214.9,1201.6,1204.3,570560
2023-11-15 00:00:00+05:30,1212.2,1212.4,1200.4,1208.7,1533940
2023-11-16 00:00:00+05:30,1209.8,1213.6,1202.3,1204.2,1388360
2023-11-17 00:00:00+05:30,1205.0,1224.2,1203.2,1218.6,1401020
2023-11-20 00:00:00+05:30,1218.8,1220.2,1208.3,1215.1,1082300
2023-11-21 00:00:00+05:30,1215.2,1221.0,1209.0,1218.7,906580
2023-11-22 00:00:00+05:30,1218.5,1226.0,1213.0,1217.6,736420
2023-11-23 00:00:00+05:30,1220.7,1229.5,1217.6,1219.7,736280
2023-11-24 00:00:00+05:30,1222.5,1223.6,1205.4,1207.0,808240
2023-11-28 00:00:00+05:30,1206.9,1213.0,1194.2,1210.9,1753940
2023-11-29 00:00:00+05:30,1211.0,1216.8,1200.6,1203.4,1254300
2023-11-30 00:00:00+05:30,1204.0,1217.0,1198.3,1211.8,2944060
2023-12-01 00:00:00+05:30,1217.0,1218.2,1207.8,1216.9,1273000
2023-12-04 00:00:00+05:30,1219.4,1226.8,1206.9,1220.2,1987840
2023-12-05 00:00:00+05:30,1222.6,1233.7,1220.2,1230.4,1343740
2023-12-06 00:00:00+05:30,1236.4,1254.8,1235.1,1248.4,1592160
2023-12-07 00:00:00+05:30,1248.4,1258.5,1240.7,1248.8,1201700
2023-12-08 00:00:00+05:30,1249.8,1258.8,1237.8,1239.5,1401520
2023-12-11 00:00:00+05:30,1244.0,1256.0,1232.0,1252.2,1078740
2023-12-12 00:00:00+05:30,1252.2,1262.0,1240.1,1247.4,1282460
2023-12-13 00:00:00+05:30,1247.9,1254.0,1241.2,1252.2,891440
2023-12-14 00:00:00+05:30,1257.2,1257.2,1237.5,1239.7,2094520
2023-12-15 00:00:00+05:30,1242.5,1247.6,1211.0,1218.3,3190820
2023-12-18 00:00:00+05:30,1222.5,1229.0,1215.0,1217.7,1326480
2023-12-19 00:00:00+05:30,1228.5,1285.2,1225.6,1274.5,7057320
2023-12-20 00:00:00+05:30,1284.7,1288.9,1252.8,1254.9,2889760
2023-12-21 00:00:00+05:30,1254.9,1262.4,1245.4,1255.8,2212760
2023-12-22 00:00:00+05:30,1262.0,1270.5,1255.0,1268.4,1776560
2023-12-26 00:00:00+05:30,1274.3,1280.0,1268.2,1278.1,1235700
2023-12-27 00:00:00+05:30,1280.0,1288.4,1279.0,1286.0,1428320
2023-12-28 00:00:00+05:30,1293.5,1318.7,1288.8,1312.5,3155440
2023-12-29 00:00:00+05:30,1312.5,1332.5,1307.3,1329.0,2068160
2024-01-01 00:00:00+05:30,1332.5,1372.2,1332.0,1368.6,2632200
2024-01-02 00:00:00+05:30,1375.0,1384.6,1351.2,1361.2,2831540
2024-01-03 00:00:00+05:30,1367.2,1370.9,1328.6,1331.8,2026920
2024-01-04 00:00:00+05:30,1342.6,1357.5,1332.6,1355.8,2647800
2024-01-05 00:00:00+05:30,1377.0,1377.0,1321.2,1333.2,5154128
2024-01-08 00:00:00+05:30,1341.5,1344.5,1305.5,1309.6,2064756
2024-01-09 00:00:00+05:30,1320.0,1320.2,1293.5,1296.3,1626054
2024-01-10 00:00:00+05:30,1295.0,1311.2,1285.2,1289.0,2052936
2024-01-11 00:00:00+05:30,1290.0,1295.0,1275.0,1278.6,1551334
2024-01-12 00:00:00+05:30,1278.6,1280.0,1265.0,1274.8,2214110
2024-01-15 00:00:00+05:30,1282.0,1288.1,1265.3,1273.8,1787668
2024-01-16 00:00:00+05:30,1278.4,1278.4,1265.7,1271.0,1386740
2024-01-17 00:00:00+05:30,1271.0,1278.6,1262.7,1271.6,1603238
2024-01-18 00:00:00+05:30,1267.5,1275.0,1248.1,1251.0,1269820
2024-01-19 00:00:00+05:30,1255.0,1261.0,1249.8,1257.1,1882782
2024-01-20 00:00:00+05:30,1260.0,1262.5,1235.4,1240.0,891184
2024-01-23 00:00:00+05:30,1240.0,1249.1,1223.0,1231.4,1381076
2024-01-24 00:00:00+05:30,1239.0,1259.7,1227.5,1257.0,1318076
2024-01-25 00:00:00+05:30,1262.5,1264.0,1233.8,1241.1,1571546
2024-01-29 00:00:00+05:30,1241.1,1252.5,1238.3,1249.3,1265438
2024-01-30 00:00:00+05:30,1256.0,1265.6,1244.0,1246.0,1336068
2024-01-31 00:00:00+05:30,1254.5,1255.9,1240.8,1253.0,1432188
2024-02-01 00:00:00+05:30,1255.0,1255.4,1231.4,1233.9,1641132
2024-02-02 00:00:00+05:30,1234.0,1248.0,1231.5,1240.7,1508122
2024-02-05 00:00:00+05:30,1252.5,1252.5,1228.4,1231.4,1065954
2024-02-06 00:00:00+05:30,1231.2,1239.0,1222.9,1228.3,1540366
2024-02-07 00:00:00+05:30,1235.0,1255.8,1223.4,1249.8,3094808
2024-02-08 00:00:00+05:30,1252.0,1256.9,1204.6,1211.5,3308894
2024-02-09 00:00:00+05:30,1221.4,1233.0,1210.0,1225.0,1677638
2024-02-12 00:00:00+05:30,1229.9,1234.0,1219.6,1229.5,890538
2024-02-13 00:00:00+05:30,1237.0,1238.3,1222.5,1228.7,621970
2024-02-14 00:00:00+05:30,1225.0,1248.7,1217.5,1243.5,1018616
2024-02-15 00:00:00+05:30,1247.5,1247.5,1219.0,1226.8,1680952
2024-02-16 00:00:00+05:30,1228.5,1245.2,1224.3,1243.8,1493232
2024-02-19 00:00:00+05:30,1247.5,1262.8,1240.7,1256.6,955040
2024-02-20 00:00:00+05:30,1259.5,1270.9,1248.6,1269.7,1262888
2024-02-21 00:00:00+05:30,1269.7,1275.5,1259.1,1271.8,1786364
2024-02-22 00:00:00+05:30,1280.0,1283.0,1262.5,1281.6,1504742
2024-02-23 00:00:00+05:30,1282.5,1291.5,1276.0,1289.5,1211238
2024-02-26 00:00:00+05:30,1294.0,1294.0,1283.4,1292.0,1323894
2024-02-27 00:00:00+05:30,1292.5,1300.7,1283.4,1299.4,1261744
2024-02-28 00:00:00+05:30,1300.5,1302.5,1280.1,1285.4,985574
2024-02-29 00:00:00+05:30,1285.7,1303.1,1273.5,1298.1,2774576
2024-03-01 00:00:00+05:30,1298.1,1308.3,1291.2,1300.7,1511456
2024-03-02 00:00:00+05:30,1300.7,1304.7,1292.7,1297.4,51050
2024-03-04 00:00:00+05:30,1297.4,1300.6,1288.7,1294.6,1268620
2024-03-05 00:00:00+05:30,1295.0,1297.6,1266.0,1269.3,678604
2024-03-06 00:00:00+05:30,1270.0,1283.4,1254.1,1266.5,1983280
2024-03-07 00:00:00+05:30,1265.0,1283.0,1259.5,1280.5,1297304
2024-03-11 00:00:00+05:30,1280.5,1315.5,1274.3,1305.8,2990598
2024-03-12 00:00:00+05:30,1303.0,1307.5,1283.2,1295.1,1726470
2024-03-13 00:00:00+05:30,1297.5,1326.8,1276.4,1291.5,3627604
2024-03-14 00:00:00+05:30,1295.0,1310.0,1287.0,1306.4,2245994
2024-03-15 00:00:00+05:30,1308.5,1315.0,1292.6,1301.8,2533984
2024-03-18 00:00:00+05:30,1301.8,1305.4,1279.4,1290.2,1285192
2024-03-19 00:00:00+05:30,1290.0,1292.4,1234.1,1248.0,3497728
2024-03-20 00:00:00+05:30,1257.0,1277.5,1249.0,1275.1,1399290
2024-03-21 00:00:00+05:30,1275.5,1281.0,1262.6,1276.8,1807754
2024-03-22 00:00:00+05:30,1270.1,1296.0,1268.5,1286.7,2027126
2024-03-26 00:00:00+05:30,1284.0,1298.2,1266.1,1293.0,1941704
2024-03-27 00:00:00+05:30,1293.0,1295.3,1275.9,1283.2,1801192
2024-03-28 00:00:00+05:30,1283.5,1319.4,1283.5,1311.2,4365832
2024-04-01 00:00:00+05:30,1311.2,1321.3,1291.2,1292.8,1486064
2024-04-02 00:00:00+05:30,1298.5,1315.0,1291.5,1311.6,1445766
2024-04-03 00:00:00+05:30,1311.6,1312.0,1272.5,1277.0,3850278
2024-04-04 00:00:00+05:30,1284.9,1285.0,1257.0,1274.8,2782752
2024-04-05 00:00:00+05:30,1287.5,1288.0,1267.0,1268.8,1532454
2024-04-08 00:00:00+05:30,1265.5,1273.6,1246.4,1249.0,2436980
2024-04-09 00:00:00+05:30,1253.0,1261.1,1248.5,1251.4,867882
2024-04-10 00:00:00+05:30,1257.0,1266.5,1247.0,1263.8,989760
2024-04-12 00:00:00+05:30,1267.4,1279.5,1258.1,1268.1,2479930
2024-04-15 00:00:00+05:30,1255.0,1288.5,1255.0,1276.8,2293646
2024-04-16 00:00:00+05:30,1275.1,1291.8,1271.2,1273.0,1537722
2024-04-18 00:00:00+05:30,1270.0,1271.3,1205.3,1231.3,6077666
2024-04-19 00:00:00+05:30,1215.0,1235.7,1205.0,1218.8,3702024
2024-04-22 00:00:00+05:30,1218.2,1241.0,1213.9,1229.4,2504706
2024-04-23 00:00:00+05:30,1224.5,1255.0,1213.0,1250.6,2248818
2024-04-24 00:00:00+05:30,1257.5,1267.9,1244.1,1250.1,1447036
2024-04-25 00:00:00+05:30,1260.0,1289.0,1235.6,1281.3,6481728
2024-04-26 00:00:00+05:30,1287.5,1291.4,1235.5,1241.4,2643128
2024-04-29 00:00:00+05:30,1251.0,1262.2,1245.0,1254.9,1243124
2024-04-30 00:00:00+05:30,1258.8,1268.8,1250.3,1253.7,1625278
2024-05-02 00:00:00+05:30,1253.7,1270.5,1252.5,1256.2,2223826
2024-05-03 00:00:00+05:30,1257.6,1261.5,1218.1,1228.0,2257460
2024-05-06 00:00:00+05:30,1237.2,1240.0,1223.5,1228.7,1431992
2024-05-07 00:00:00+05:30,1234.5,1264.2,1229.8,1254.3,2146918
2024-05-08 00:00:00+05:30,1251.2,1274.0,1242.8,1269.5,1398140
2024-05-09 00:00:00+05:30,1269.5,1275.0,1251.0,1256.7,1404310
2024-05-10 00:00:00+05:30,1256.7,1274.5,1251.7,1266.6,1394832
2024-05-13 00:00:00+05:30,1266.4,1271.0,1253.0,1258.1,680762
2024-05-14 00:00:00+05:30,1253.0,1259.5,1241.0,1243.7,1113494
2024-05-15 00:00:00+05:30,1244.0,1249.5,1230.0,1232.5,868812
2024-05-16 00:00:00+05:30,1235.0,1240.0,1210.2,1234.2,1944988
2024-05-17 00:00:00+05:30,1234.2,1234.2,1216.9,1222.8,1442356
2024-05-18 00:00:00+05:30,1232.0,1259.4,1229.9,1252.2,505058
2024-05-21 00:00:00+05:30,1233.0,1244.8,1216.0,1230.4,2574902
2024-05-22 00:00:00+05:30,1236.0,1243.8,1231.0,1234.6,1574654
2024-05-23 00:00:00+05:30,1240.5,1243.8,1227.8,1237.1,1563326
2024-05-24 00:00:00+05:30,1238.5,1242.5,1229.0,1233.9,907544
2024-05-27 00:00:00+05:30,1238.5,1239.5,1227.5,1230.0,1071662
2024-05-28 00:00:00+05:30,1230.6,1233.8,1223.0,1225.8,1043344
2024-05-29 00:00:00+05:30,1223.8,1248.5,1222.5,1238.1,1739200
2024-05-30 00:00:00+05:30,1232.5,1236.6,1200.3,1202.4,2548428
2024-05-31 00:00:00+05:30,1212.8,1212.8,1172.5,1177.4,5065946
2024-06-03 00:00:00+05:30,1187.4,1194.5,1175.0,1177.5,2145030
2024-06-04 00:00:00+05:30,1182.0,1219.0,1163.7,1213.9,3117062
2024-06-05 00:00:00+05:30,1215.0,1287.0,1215.0,1254.9,4057558
2024-06-06 00:00:00+05:30,1259.0,1259.0,1226.3,1235.7,1944280
2024-06-07 00:00:00+05:30,1238.2,1258.1,1233.5,1251.2,2022404
2024-06-10 00:00:00+05:30,1255.0,1282.5,1253.5,1274.1,1590348
2024-06-11 00:00:00+05:30,1280.0,1287.5,1267.0,1271.0,1138822
2024-06-12 00:00:00+05:30,1272.0,1277.4,1260.5,1268.6,960816
2024-06-13 00:00:00+05:30,1297.1,1307.2,1272.6,1275.9,2162544
2024-06-14 00:00:00+05:30,1282.3,1282.3,1267.0,1271.2,858944
2024-06-18 00:00:00+05:30,1274.5,1277.5,1267.0,1275.2,519108
2024-06-19 00:00:00+05:30,1275.0,1279.8,1258.9,1263.0,1568614
2024-06-20 00:00:00+05:30,1262.5,1275.6,1250.0,1269.9,1314826
2024-06-21 00:00:00+05:30,1266.3,1274.0,1244.2,1249.2,2543088
2024-06-24 00:00:00+05:30,1249.2,1266.0,1242.2,1265.0,1448402
2024-06-25 00:00:00+05:30,1267.5,1269.2,1252.5,1257.7,625460
2024-06-26 00:00:00+05:30,1261.3,1273.5,1253.7,1267.1,958712
2024-06-27 00:00:00+05:30,1265.6,1277.0,1254.0,1266.9,1732622
2024-06-28 00:00:00+05:30,1266.9,1286.8,1264.2,1275.8,2364066
2024-07-01 00:00:00+05:30,1279.9,1295.6,1278.5,1284.0,1849028
2024-07-02 00:00:00+05:30,1292.7,1294.0,1266.6,1272.2,1162200
2024-07-03 00:00:00+05:30,1275.0,1284.8,1270.4,1275.8,631912
2024-07-04 00:00:00+05:30,1280.0,1282.5,1271.0,1272.6,627352
2024-07-05 00:00:00+05:30,1275.3,1289.8,1266.2,1287.1,1583026
2024-07-08 00:00:00+05:30,1287.1,1310.0,1280.7,1301.7,1448552
2024-07-09 00:00:00+05:30,1313.6,1320.0,1296.8,1316.6,1665146
2024-07-10 00:00:00+05:30,1319.0,1325.0,1299.0,1308.2,1069980
2024-07-11 00:00:00+05:30,1310.0,1315.8,1281.8,1296.6,2107598
2024-07-12 00:00:00+05:30,1302.5,1309.9,1292.9,1304.5,1451786
2024-07-15 00:00:00+05:30,1304.5,1309.8,1298.5,1302.6,695922
2024-07-16 00:00:00+05:30,1302.3,1309.4,1284.5,1303.6,1514138
2024-07-18 00:00:00+05:30,1287.5,1317.4,1287.5,1313.5,1733594
2024-07-19 00:00:00+05:30,1317.4,1322.8,1293.2,1298.9,1077872
2024-07-22 00:00:00+05:30,1298.9,1315.0,1282.6,1293.6,1490342
2024-07-23 00:00:00+05:30,1298.3,1303.2,1275.0,1290.8,1936998
2024-07-24 00:00:00+05:30,1290.5,1290.5,1259.4,1270.7,2622088
2024-07-25 00:00:00+05:30,1272.4,1278.3,1229.7,1240.3,6938362
2024-07-26 00:00:00+05:30,1246.3,1246.3,1225.8,1238.4,3239386
2024-07-29 00:00:00+05:30,1241.8,1243.5,1229.5,1235.2,1605802
2024-07-30 00:00:00+05:30,1235.2,1240.2,1225.5,1228.8,3429516
2024-07-31 00:00:00+05:30,1235.0,1238.5,1226.0,1228.2,1644722
2024-08-01 00:00:00+05:30,1232.5,1246.2,1228.2,1242.0,2653524
2024-08-02 00:00:00+05:30,1240.0,1257.0,1232.5,1247.6,2310948
2024-08-05 00:00:00+05:30,1244.0,1264.4,1237.5,1255.4,2651820
2024-08-06 00:00:00+05:30,1257.0,1264.0,1250.5,1254.2,1898862
2024-08-07 00:00:00+05:30,1259.3,1264.5,1255.1,1261.4,1299940
2024-08-08 00:00:00+05:30,1259.3,1262.5,1239.0,1244.6,2850012
2024-08-09 00:00:00+05:30,1253.3,1256.0,1245.1,1252.4,540012
2024-08-12 00:00:00+05:30,1250.9,1255.0,1234.2,1236.6,950040
2024-08-13 00:00:00+05:30,1237.0,1246.0,1236.8,1242.4,623692
2024-08-14 00:00:00+05:30,1243.4,1246.0,1230.3,1237.3,1123752
2024-08-16 00:00:00+05:30,1245.0,1266.7,1235.7,1262.7,1719668
2024-08-19 00:00:00+05:30,1265.0,1273.0,1250.3,1251.6,955402
2024-08-20 00:00:00+05:30,1255.3,1263.0,1249.5,1259.2,969464
2024-08-21 00:00:00+05:30,1265.0,1277.5,1260.8,1275.9,1249546
2024-08-22 00:00:00+05:30,1282.5,1282.5,1272.5,1275.5,1269810
2024-08-23 00:00:00+05:30,1275.5,1275.7,1260.0,1264.6,1023074
2024-08-26 00:00:00+05:30,1264.6,1272.5,1254.0,1259.8,1266798
2024-08-27 00:00:00+05:30,1264.3,1266.4,1255.8,1260.7,782130
2024-08-28 00:00:00+05:30,1259.5,1259.5,1245.0,1246.2,1130322
2024-08-29 00:00:00+05:30,1249.4,1259.7,1245.3,1252.3,1799588
2024-08-30 00:00:00+05:30,1252.3,1258.6,1245.9,1250.4,3808974
2024-09-02 00:00:00+05:30,1250.0,1258.0,1248.5,1255.0,1751182
2024-09-03 00:00:00+05:30,1251.0,1279.5,1251.0,1265.4,1975054
2024-09-04 00:00:00+05:30,1262.5,1270.7,1256.8,1267.4,1005886
2024-09-05 00:00:00+05:30,1267.4,1267.5,1246.1,1252.4,2238592
2024-09-06 00:00:00+05:30,1254.3,1259.6,1244.0,1251.6,1673400
2024-09-09 00:00:00+05:30,1247.6,1260.0,1244.4,1258.4,1167196
2024-09-10 00:00:00+05:30,1264.5,1274.0,1257.0,1267.8,3044078
2024-09-11 00:00:00+05:30,1273.5,1280.8,1259.7,1263.4,1959876
2024-09-12 00:00:00+05:30,1265.0,1270.0,1244.0,1263.9,3109758
2024-09-13 00:00:00+05:30,1265.0,1280.5,1264.1,1265.7,1465434
2024-09-16 00:00:00+05:30,1265.0,1277.8,1250.0,1274.8,788794
2024-09-17 00:00:00+05:30,1275.6,1292.6,1269.4,1273.4,1390374
2024-09-18 00:00:00+05:30,1275.0,1300.6,1273.0,1298.6,2354058
2024-09-19 00:00:00+05:30,1301.5,1338.5,1298.6,1317.1,5068578
2024-09-20 00:00:00+05:30,1322.0,1352.1,1315.6,1349.8,4645516
2024-09-23 00:00:00+05:30,1352.6,1364.9,1345.0,1362.6,2144494
2024-09-24 00:00:00+05:30,1362.5,1383.4,1337.0,1348.2,3080066
2024-09-25 00:00:00+05:30,1342.6,1352.3,1329.5,1348.7,1437914
2024-09-26 00:00:00+05:30,1354.0,1381.2,1354.0,1377.8,2317212
2024-09-27 00:00:00+05:30,1375.0,1389.0,1365.5,1372.8,2194334
2024-09-30 00:00:00+05:30,1360.0,1370.0,1342.4,1345.0,1766384
2024-10-01 00:00:00+05:30,1345.0,1355.0,1336.4,1353.5,1105518
2024-10-03 00:00:00+05:30,1342.5,1347.5,1325.2,1337.4,1624730
2024-10-04 00:00:00+05:30,1331.5,1339.2,1295.2,1299.1,2066068
2024-10-07 00:00:00+05:30,1302.5,1310.0,1283.4,1286.9,2205716
2024-10-08 00:00:00+05:30,1285.3,1297.0,1275.8,1290.9,2404340
2024-10-09 00:00:00+05:30,1289.5,1290.0,1234.5,1258.0,4733190
2024-10-10 00:00:00+05:30,1264.5,1265.8,1253.0,1256.2,2060004
2024-10-11 00:00:00+05:30,1260.0,1261.0,1248.0,1255.9,1256928
2024-10-14 00:00:00+05:30,1259.8,1259.8,1246.6,1251.0,1340768
2024-10-15 00:00:00+05:30,1251.0,1251.0,1236.0,1242.1,1590308
2024-10-16 00:00:00+05:30,1245.0,1246.5,1215.7,1231.1,2473286
2024-10-17 00:00:00+05:30,1237.5,1237.5,1182.5,1189.4,5255508
2024-10-18 00:00:00+05:30,1190.0,1191.8,1163.0,1175.1,3278370
2024-10-21 00:00:00+05:30,1180.0,1187.0,1166.5,1177.3,1497408
2024-10-22 00:00:00+05:30,1177.2,1192.5,1170.0,1175.1,1934262
2024-10-23 00:00:00+05:30,1175.0,1187.4,1160.0,1163.6,1414522
2024-10-24 00:00:00+05:30,1169.5,1170.0,1108.0,1129.3,5910994
2024-10-25 00:00:00+05:30,1134.5,1143.2,1128.5,1130.4,2683018
2024-10-28 00:00:00+05:30,1135.5,1159.5,1128.0,1136.0,1751130
2024-10-29 00:00:00+05:30,1140.0,1142.9,1130.4,1133.7,1859662
2024-10-30 00:00:00+05:30,1139.4,1148.6,1130.1,1138.2,1787546
2024-10-31 00:00:00+05:30,1143.5,1143.5,1130.0,1131.5,1319530
2024-11-01 00:00:00+05:30,1146.4,1146.5,1134.2,1141.2,243228
2024-11-04 00:00:00+05:30,1141.5,1143.5,1115.4,1123.1,1926320
2024-11-05 00:00:00+05:30,1128.0,1134.0,1118.2,1131.2,1451860
2024-11-06 00:00:00+05:30,1134.0,1139.8,1129.0,1137.8,1613946
2024-11-07 00:00:00+05:30,1136.5,1142.4,1120.8,1131.4,1783914
2024-11-08 00:00:00+05:30,1135.0,1149.0,1129.4,1147.8,1669990
2024-11-11 00:00:00+05:30,1140.0,1147.4,1127.1,1139.5,1547190
2024-11-12 00:00:00+05:30,1145.2,1145.2,1120.5,1128.1,2210678
2024-11-13 00:00:00+05:30,1120.6,1126.0,1111.0,1117.6,1526776
2024-11-14 00:00:00+05:30,1119.5,1122.5,1089.2,1091.4,2318476
2024-11-18 00:00:00+05:30,1095.4,1109.5,1084.4,1106.6,1383330
2024-11-19 00:00:00+05:30,1112.5,1121.8,1102.0,1107.1,1612040
2024-11-21 00:00:00+05:30,1102.8,1125.0,1093.5,1105.6,1655768
2024-11-22 00:00:00+05:30,1107.1,1126.4,1102.1,1123.6,1543916
2024-11-25 00:00:00+05:30,1129.3,1141.8,1123.1,1128.5,4059604
2024-11-26 00:00:00+05:30,1135.0,1144.0,1125.2,1132.6,634244
2024-11-27 00:00:00+05:30,1138.3,1138.4,1125.2,1137.0,874722
2024-11-28 00:00:00+05:30,1137.0,1144.8,1114.0,1118.1,2492756
2024-11-29 00:00:00+05:30,1113.5,1131.5,1113.5,1117.3,2698320
2024-12-02 00:00:00+05:30,1121.4,1128.5,1111.6,1125.9,936544
2024-12-03 00:00:00+05:30,1131.0,1133.4,1125.0,1130.8,1532464
2024-12-04 00:00:00+05:30,1130.5,1137.5,1120.7,1128.9,1937738
2024-12-05 00:00:00+05:30,1128.9,1138.5,1110.5,1132.8,2375568
2024-12-06 00:00:00+05:30,1133.2,1146.0,1127.6,1133.9,1291202
2024-12-09 00:00:00+05:30,1135.0,1138.3,1106.8,1114.4,1939702
2024-12-10 00:00:00+05:30,1114.5,1120.0,1105.0,1107.2,1830596
2024-12-11 00:00:00+05:30,1112.5,1127.0,1111.5,1120.5,1469722
2024-12-12 00:00:00+05:30,1125.0,1127.0,1107.6,1112.0,1931220
2024-12-13 00:00:00+05:30,1112.5,1128.9,1104.1,1126.8,1109322
2024-12-16 00:00:00+05:30,1126.8,1128.8,1114.3,1119.4,1331372
2024-12-17 00:00:00+05:30,1113.0,1117.0,1100.0,1101.5,2997812
2024-12-18 00:00:00+05:30,1101.5,1107.0,1090.2,1094.0,1932332
2024-12-19 00:00:00+05:30,1092.5,1097.1,1073.7,1080.2,3107980
2024-12-20 00:00:00+05:30,1080.0,1087.5,1072.7,1081.8,3303524
2024-12-23 00:00:00+05:30,1085.0,1090.0,1073.8,1075.8,877434
2024-12-24 00:00:00+05:30,1075.8,1087.5,1075.8,1083.4,645132
2024-12-26 00:00:00+05:30,1079.1,1088.0,1073.2,1075.0,1047852
2024-12-27 00:00:00+05:30,1079.5,1084.5,1075.5,1082.8,925334
2024-12-30 00:00:00+05:30,1087.0,1088.5,1074.5,1080.0,2470980
2024-12-31 00:00:00+05:30,1077.5,1087.3,1073.9,1085.0,1271114
2025-01-01 00:00:00+05:30,1085.0,1089.6,1078.6,1084.6,908580
2025-01-02 00:00:00+05:30,1084.5,1103.9,1081.6,1100.1,1258328
2025-01-03 00:00:00+05:30,1100.1,1119.0,1099.0,1116.4,2022900
2025-01-06 00:00:00+05:30,1121.8,1122.4,1085.0,1092.5,2276932
2025-01-07 00:00:00+05:30,1095.1,1108.2,1090.0,1106.3,1191638
2025-01-08 00:00:00+05:30,1111.5,1112.5,1097.3,1110.0,899000
2025-01-09 00:00:00+05:30,1107.7,1135.9,1102.0,1128.0,2294636
2025-01-10 00:00:00+05:30,1136.0,1139.0,1120.6,1124.0,1619708
2025-01-13 00:00:00+05:30,1122.5,1130.6,1110.8,1118.7,1609062
2025-01-14 00:00:00+05:30,1125.6,1128.3,1099.6,1109.5,1405098
2025-01-15 00:00:00+05:30,1109.5,1110.0,1086.1,1099.8,1447250
2025-01-16 00:00:00+05:30,1102.6,1109.1,1078.2,1084.6,2651618
2025-01-17 00:00:00+05:30,1090.3,1113.2,1086.3,1108.6,911802
2025-01-20 00:00:00+05:30,1109.6,1112.5,1101.2,1107.0,802216
2025-01-21 00:00:00+05:30,1112.5,1120.0,1095.8,1098.2,1528828
2025-01-22 00:00:00+05:30,1098.2,1106.5,1097.1,1103.9,896072
2025-01-23 00:00:00+05:30,1097.1,1104.8,1082.5,1099.5,992014
2025-01-24 00:00:00+05:30,1101.0,1111.4,1095.0,1104.0,1327200
2025-01-27 00:00:00+05:30,1091.0,1116.0,1084.3,1087.4,1099972
2025-01-28 00:00:00+05:30,1087.4,1090.9,1071.3,1078.2,1442066
2025-01-29 00:00:00+05:30,1078.2,1092.4,1065.6,1090.4,794290
2025-01-30 00:00:00+05:30,1094.5,1116.4,1090.4,1108.7,1149120
2025-01-31 00:00:00+05:30,1108.7,1193.5,1104.8,1156.6,6279774
2025-02-01 00:00:00+05:30,1156.5,1187.0,1128.6,1163.6,2493130
2025-02-03 00:00:00+05:30,1163.6,1187.0,1155.8,1158.6,2281742
2025-02-04 00:00:00+05:30,1161.2,1161.4,1141.8,1149.7,2487034
2025-02-05 00:00:00+05:30,1141.9,1149.0,1112.6,1124.5,2950590
2025-02-06 00:00:00+05:30,1134.5,1134.5,1113.5,1119.7,1973914
2025-02-07 00:00:00+05:30,1117.0,1119.0,1103.8,1112.6,1585116
2025-02-10 00:00:00+05:30,1117.5,1126.2,1103.1,1110.5,1520362
2025-02-11 00:00:00+05:30,1110.5,1116.0,1089.0,1097.8,953674
2025-02-12 00:00:00+05:30,1107.0,1107.0,1085.8,1096.9,1006516
2025-02-13 00:00:00+05:30,1096.9,1105.1,1086.3,1088.8,1022294
2025-02-14 00:00:00+05:30,1088.8,1112.5,1085.0,1097.9,1921722
2025-02-17 00:00:00+05:30,1097.9,1110.0,1085.0,1108.2,1603030
2025-02-18 00:00:00+05:30,1108.2,1114.8,1100.0,1111.2,906118
2025-02-19 00:00:00+05:30,1103.0,1112.0,1098.8,1102.5,852958
2025-02-20 00:00:00+05:30,1102.5,1107.5,1093.4,1103.4,1316934
2025-02-21 00:00:00+05:30,1108.5,1109.0,1094.6,1107.5,1188490
2025-02-24 00:00:00+05:30,1099.5,1118.9,1098.0,1110.2,968084
2025-02-25 00:00:00+05:30,1111.2,1128.2,1106.9,1125.2,1285668
2025-02-27 00:00:00+05:30,1130.1,1140.9,1125.0,1139.1,1502006
2025-02-28 00:00:00+05:30,1130.5,1135.0,1092.5,1094.8,3687132
2025-03-03 00:00:00+05:30,1094.1,1100.0,1075.4,1092.8,1043550
2025-03-04 00:00:00+05:30,1080.0,1082.0,1059.0,1073.2,2085044
2025-03-05 00:00:00+05:30,1055.0,1104.7,1055.0,1098.5,1693328
2025-03-06 00:00:00+05:30,1093.5,1108.2,1085.2,1100.6,2514922
2025-03-07 00:00:00+05:30,1100.5,1123.0,1095.6,1119.2,1051212
2025-03-10 00:00:00+05:30,1119.6,1137.0,1077.6,1124.2,1013160
2025-03-11 00:00:00+05:30,1120.4,1136.2,1116.9,1125.7,957110
2025-03-12 00:00:00+05:30,1124.5,1127.0,1095.8,1097.8,717178
2025-03-13 00:00:00+05:30,1101.0,1105.9,1092.0,1096.0,584340
2025-03-17 00:00:00+05:30,1087.8,1101.7,1078.0,1087.2,820010
2025-03-18 00:00:00+05:30,1089.0,1103.0,1085.0,1101.0,847552
2025-03-19 00:00:00+05:30,1103.2,1106.7,1090.1,1092.0,845086
2025-03-20 00:00:00+05:30,1102.0,1114.4,1090.6,1110.8,953748
2025-03-21 00:00:00+05:30,1120.4,1137.5,1116.0,1134.4,1585274
2025-03-24 00:00:00+05:30,1136.6,1144.3,1130.0,1131.8,861902
2025-03-25 00:00:00+05:30,1130.0,1140.0,1115.1,1127.4,1484284
2025-03-26 00:00:00+05:30,1127.4,1134.9,1120.0,1121.7,1066938
2025-03-27 00:00:00+05:30,1120.1,1134.0,1112.6,1121.0,1731172
2025-03-28 00:00:00+05:30,1121.5,1144.0,1121.5,1125.4,1432302
2025-04-01 00:00:00+05:30,1131.0,1143.9,1109.0,1117.0,2040110
2025-04-02 00:00:00+05:30,1115.0,1115.0,1074.0,1105.4,2601704
2025-04-03 00:00:00+05:30,1099.0,1124.5,1097.5,1122.8,635716
2025-04-04 00:00:00+05:30,1117.0,1141.4,1108.6,1131.1,1183470
2025-04-07 00:00:00+05:30,1080.0,1128.7,1080.0,1124.5,1474570
2025-04-08 00:00:00+05:30,1127.5,1141.5,1115.6,1137.7,1747016
2025-04-09 00:00:00+05:30,1141.6,1181.3,1136.1,1172.4,3706748
2025-04-11 00:00:00+05:30,1172.8,1186.0,1161.0,1180.7,2236634
2025-04-15 00:00:00+05:30,1190.7,1190.7,1172.8,1184.0,1561748
2025-04-16 00:00:00+05:30,1173.5,1195.0,1173.5,1191.6,1354424
2025-04-17 00:00:00+05:30,1186.0,1211.6,1179.3,1208.3,1815842
2025-04-21 00:00:00+05:30,1200.5,1210.5,1195.2,1199.7,953130
2025-04-22 00:00:00+05:30,1202.5,1210.0,1195.0,1203.6,975908
2025-04-23 00:00:00+05:30,1209.6,1221.0,1200.0,1216.7,1165112
2025-04-24 00:00:00+05:30,1217.5,1257.5,1189.5,1216.6,4674476
2025-04-25 00:00:00+05:30,1213.4,1217.6,1193.6,1206.8,2256568
2025-04-28 00:00:00+05:30,1200.0,1209.2,1193.0,1203.0,1961052
2025-04-29 00:00:00+05:30,1203.0,1203.0,1179.6,1193.8,1952120
2025-04-30 00:00:00+05:30,1187.5,1203.2,1182.2,1194.1,2040862
2025-05-02 00:00:00+05:30,1187.5,1192.4,1163.5,1168.8,1718354
2025-05-05 00:00:00+05:30,1174.4,1176.0,1161.8,1164.1,1827594
2025-05-06 00:00:00+05:30,1168.5,1187.1,1165.0,1178.2,1742026
2025-05-07 00:00:00+05:30,1165.5,1178.0,1163.6,1169.2,1353304
2025-05-08 00:00:00+05:30,1164.0,1175.0,1157.6,1170.4,2693092
2025-05-09 00:00:00+05:30,1151.0,1174.5,1145.8,1162.7,1816458
2025-05-12 00:00:00+05:30,1179.9,1194.5,1173.0,1191.9,801500
2025-05-13 00:00:00+05:30,1190.0,1194.9,1171.0,1185.1,2333552
2025-05-14 00:00:00+05:30,1182.5,1189.6,1176.6,1185.2,1203066
2025-05-15 00:00:00+05:30,1185.0,1207.4,1170.8,1199.0,1928224
2025-05-16 00:00:00+05:30,1207.3,1207.3,1188.4,1204.4,1369102
2025-05-19 00:00:00+05:30,1202.0,1211.0,1198.1,1203.9,845862
2025-05-20 00:00:00+05:30,1209.9,1209.9,1177.2,1179.2,1555350
2025-05-21 00:00:00+05:30,1179.2,1199.0,1179.2,1196.3,1350296
2025-05-22 00:00:00+05:30,1192.5,1192.5,1170.0,1180.8,2161612
2025-05-23 00:00:00+05:30,1178.0,1212.0,1176.0,1207.2,1154460
2025-05-26 00:00:00+05:30,1207.2,1232.4,1202.7,1227.0,1248708
2025-05-27 00:00:00+05:30,1225.0,1241.0,1216.1,1230.4,1584098
2025-05-28 00:00:00+05:30,1226.0,1228.4,1208.0,1209.5,1447242
2025-05-29 00:00:00+05:30,1210.7,1219.9,1203.2,1217.5,1862596
2025-05-30 00:00:00+05:30,1217.5,1228.5,1195.2,1198.1,2134920
2025-06-02 00:00:00+05:30,1200.0,1207.9,1195.5,1203.2,2052718
2025-06-03 00:00:00+05:30,1207.8,1213.2,1191.0,1195.7,1468888
2025-06-04 00:00:00+05:30,1194.2,1201.9,1192.4,1198.8,1174082
2025-06-05 00:00:00+05:30,1202.5,1204.5,1190.2,1200.6,1467916
2025-06-06 00:00:00+05:30,1202.0,1211.4,1195.0,1208.6,1004606
2025-06-09 00:00:00+05:30,1212.5,1213.6,1200.5,1207.6,678874
2025-06-10 00:00:00+05:30,1207.6,1219.4,1204.4,1215.7,1351562
2025-06-11 00:00:00+05:30,1221.2,1225.0,1204.0,1209.6,1751374
2025-06-12 00:00:00+05:30,1213.5,1214.0,1183.2,1192.8,2717158
2025-06-13 00:00:00+05:30,1181.0,1190.0,1173.4,1188.4,829756
2025-06-16 00:00:00+05:30,1185.0,1197.5,1182.6,1194.9,532308
2025-06-17 00:00:00+05:30,1190.0,1193.4,1176.5,1181.0,1531068
2025-06-18 00:00:00+05:30,1182.0,1182.0,1162.7,1170.4,1308554
2025-06-19 00:00:00+05:30,1170.4,1170.4,1155.0,1159.4,1474774
2025-06-20 00:00:00+05:30,1169.0,1199.0,1159.4,1180.2,22941194
2025-06-23 00:00:00+05:30,1186.5,1199.4,1175.4,1179.6,1297744
2025-06-24 00:00:00+05:30,1187.5,1191.8,1178.8,1182.9,1100860
2025-06-25 00:00:00+05:30,1186.0,1214.4,1186.0,1202.2,2300288
2025-06-26 00:00:00+05:30,1210.0,1221.8,1201.6,1215.7,3115098
2025-06-27 00:00:00+05:30,1224.5,1231.8,1213.0,1229.4,2375672
2025-06-30 00:00:00+05:30,1234.0,1237.8,1221.5,1232.6,1658010
2025-07-01 00:00:00+05:30,1235.0,1235.7,1202.6,1205.0,1077220
2025-07-02 00:00:00+05:30,1205.2,1207.0,1190.0,1194.0,1475052
2025-07-03 00:00:00+05:30,1200.0,1204.6,1192.5,1194.2,1263638
2025-07-04 00:00:00+05:30,1192.4,1198.5,1183.6,1196.4,790114
2025-07-07 00:00:00+05:30,1199.7,1213.0,1194.0,1211.0,868414
2025-07-08 00:00:00+05:30,1211.0,1217.8,1203.5,1209.0,711576
2025-07-09 00:00:00+05:30,1210.0,1218.2,1207.2,1213.9,790360
2025-07-10 00:00:00+05:30,1212.5,1218.4,1198.8,1200.7,569850
2025-07-11 00:00:00+05:30,1202.0,1214.4,1198.6,1201.8,741064
2025-07-14 00:00:00+05:30,1202.6,1207.4,1188.5,1196.4,942914
2025-07-15 00:00:00+05:30,1196.4,1210.0,1190.0,1208.2,1064608
2025-07-16 00:00:00+05:30,1208.0,1245.0,1203.7,1230.0,2810630
2025-07-17 00:00:00+05:30,1229.0,1235.0,1223.0,1224.6,546708
2025-07-18 00:00:00+05:30,1229.5,1238.4,1215.5,1236.1,899652
2025-07-21 00:00:00+05:30,1236.4,1239.2,1222.5,1236.3,957974
2025-07-22 00:00:00+05:30,1236.4,1238.8,1219.0,1221.8,774548
2025-07-23 00:00:00+05:30,1230.0,1234.5,1216.8,1226.2,720228
2025-07-24 00:00:00+05:30,1226.4,1237.5,1155.0,1161.0,5372012
2025-07-25 00:00:00+05:30,1157.4,1157.4,1133.0,1137.3,3178714
2025-07-28 00:00:00+05:30,1137.4,1150.0,1111.0,1114.6,1879938
2025-07-29 00:00:00+05:30,1115.0,1129.0,1110.0,1111.8,1801922
2025-07-30 00:00:00+05:30,1115.0,1119.8,1110.8,1115.8,929698
2025-07-31 00:00:00+05:30,1112.5,1133.0,1110.5,1123.8,1346218
2025-08-01 00:00:00+05:30,1123.8,1143.8,1121.6,1138.2,1410024
2025-08-04 00:00:00+05:30,1143.0,1143.3,1129.0,1138.7,812794
2025-08-05 00:00:00+05:30,1139.8,1141.2,1125.0,1133.6,1135934
2025-08-06 00:00:00+05:30,1135.0,1136.2,1113.0,1116.6,1127544
2025-08-07 00:00:00+05:30,1118.0,1123.2,1107.5,1117.3,1014230
2025-08-08 00:00:00+05:30,1122.0,1126.4,1093.4,1096.5,1242852
2025-08-11 00:00:00+05:30,1097.0,1108.9,1087.0,1105.0,1038967
2025-08-12 00:00:00+05:30,1108.0,1109.6,1089.0,1091.1,758197
2025-08-13 00:00:00+05:30,1091.1,1100.8,1086.6,1096.9,813725
2025-08-14 00:00:00+05:30,1099.9,1103.0,1084.7,1089.4,941698
2025-08-18 00:00:00+05:30,1120.5,1169.9,1120.5,1144.1,3478231
2025-08-19 00:00:00+05:30,1149.6,1168.0,1130.2,1161.4,1851158
2025-08-20 00:00:00+05:30,1165.0,1192.8,1156.7,1190.3,1652532
2025-08-21 00:00:00+05:30,1190.0,1190.3,1168.8,1179.4,991563
2025-08-22 00:00:00+05:30,1175.0,1191.0,1158.0,1162.9,921658
2025-08-25 00:00:00+05:30,1162.9,1166.8,1148.8,1153.0,931358
2025-08-26 00:00:00+05:30,1149.0,1179.0,1149.0,1162.2,3619892
2025-08-28 00:00:00+05:30,1165.6,1168.2,1155.0,1162.4,1065888
2025-08-29 00:00:00+05:30,1160.3,1184.4,1150.0,1156.2,1593255
2025-09-01 00:00:00+05:30,1157.9,1176.0,1156.2,1174.4,643866
2025-09-02 00:00:00+05:30,1174.4,1202.5,1172.4,1200.9,1773623
2025-09-03 00:00:00+05:30,1206.5,1206.5,1191.3,1194.8,827824
2025-09-04 00:00:00+05:30,1230.0,1238.2,1208.0,1212.6,3346196
2025-09-05 00:00:00+05:30,1212.0,1216.4,1191.0,1208.5,1434458
2025-09-08 00:00:00+05:30,1208.5,1211.0,1185.2,1187.7,1112974
2025-09-09 00:00:00+05:30,1195.2,1204.0,1187.9,1202.2,1295618
2025-09-10 00:00:00+05:30,1208.2,1219.2,1201.7,1217.5,1015673
2025-09-11 00:00:00+05:30,1212.1,1224.9,1212.1,1220.8,783400
2025-09-12 00:00:00+05:30,1220.2,1223.0,1209.5,1217.6,632659
2025-09-15 00:00:00+05:30,1212.2,1220.0,1209.6,1212.5,523120
2025-09-16 00:00:00+05:30,1212.0,1215.0,1201.2,1204.2,1137133
2025-09-17 00:00:00+05:30,1207.0,1212.6,1195.6,1204.3,1005661
2025-09-18 00:00:00+05:30,1205.1,1213.3,1200.0,1209.1,1345158
2025-09-19 00:00:00+05:30,1212.0,1212.0,1191.0,1194.5,2395784
2025-09-22 00:00:00+05:30,1198.9,1201.2,1184.0,1188.3,1107323
2025-09-23 00:00:00+05:30,1189.8,1194.5,1165.0,1168.4,2114020
2025-09-24 00:00:00+05:30,1167.9,1185.2,1161.4,1178.6,1395188
2025-09-25 00:00:00+05:30,1184.5,1192.4,1171.6,1173.5,1273981
2025-09-26 00:00:00+05:30,1170.0,1179.0,1160.2,1162.6,1011036
2025-09-29 00:00:00+05:30,1160.0,1162.1,1149.2,1152.5,2130382
2025-09-30 00:00:00+05:30,1155.6,1159.6,1146.4,1152.9,1409305
2025-10-01 00:00:00+05:30,1157.9,1169.2,1145.0,1166.4,727804
2025-10-03 00:00:00+05:30,1160.0,1171.3,1154.4,1169.9,1159975
2025-10-06 00:00:00+05:30,1163.5,1183.7,1163.5,1181.7,639965
2025-10-07 00:00:00+05:30,1181.7,1192.2,1175.0,1176.8,922441
2025-10-08 00:00:00+05:30,1170.0,1182.5,1158.6,1180.5,893579
2025-10-09 00:00:00+05:30,1175.1,1189.1,1172.9,1187.8,922191
2025-10-10 00:00:00+05:30,1186.4,1202.0,1184.4,1199.5,1110822
2025-10-13 00:00:00+05:30,1199.0,1200.8,1181.9,1188.1,1062394
2025-10-14 00:00:00+05:30,1190.1,1194.3,1171.0,1175.5,1293553
2025-10-15 00:00:00+05:30,1175.5,1225.0,1175.5,1221.4,2283392
2025-10-16 00:00:00+05:30,1221.4,1286.5,1216.5,1276.6,6927367
2025-10-17 00:00:00+05:30,1263.9,1311.6,1261.3,1289.5,3171952
2025-10-20 00:00:00+05:30,1289.5,1305.6,1280.8,1285.4,1246633
2025-10-21 00:00:00+05:30,1280.0,1292.0,1277.3,1287.3,245138
2025-10-23 00:00:00+05:30,1287.0,1303.8,1270.8,1272.8,1751448
2025-10-24 00:00:00+05:30,1274.4,1284.5,1259.4,1282.0,1433533
2025-10-27 00:00:00+05:30,1282.0,1292.2,1275.8,1283.0,1107997
2025-10-28 00:00:00+05:30,1283.8,1288.9,1263.7,1271.0,1343829
2025-10-29 00:00:00+05:30,1275.0,1281.0,1266.5,1273.0,836932
2025-10-30 00:00:00+05:30,1278.0,1281.4,1267.7,1279.9,728703
2025-10-31 00:00:00+05:30,1279.9,1284.0,1269.6,1271.6,943037
2025-11-03 00:00:00+05:30,1269.6,1269.9,1255.5,1266.7,847050
2025-11-04 00:00:00+05:30,1266.0,1269.0,1250.7,1265.0,770668
2025-11-06 00:00:00+05:30,1265.0,1278.9,1260.1,1266.1,1171263
2025-11-07 00:00:00+05:30,1264.0,1270.9,1256.4,1262.7,596683
2025-11-10 00:00:00+05:30,1263.1,1273.2,1260.2,1262.9,737986
2025-11-11 00:00:00+05:30,1268.0,1270.2,1255.0,1268.1,729912
2025-11-12 00:00:00+05:30,1270.0,1286.9,1261.6,1278.2,824792
2025-11-13 00:00:00+05:30,1280.0,1289.3,1270.3,1275.2,691337
2025-11-14 00:00:00+05:30,1275.2,1279.0,1262.4,1271.6,675047
2025-11-17 00:00:00+05:30,1272.0,1278.0,1264.1,1270.3,774802
2025-11-18 00:00:00+05:30,1262.1,1269.9,1252.6,1265.1,810387
2025-11-19 00:00:00+05:30,1267.9,1280.0,1263.0,1279.0,726287
2025-11-20 00:00:00+05:30,1288.0,1288.6,1275.2,1279.2,796864
2025-11-21 00:00:00+05:30,1275.0,1288.9,1273.0,1280.7,673231
2025-11-24 00:00:00+05:30,1285.0,1285.8,1259.5,1269.2,2636542
2025-11-25 00:00:00+05:30,1267.4,1270.9,1250.8,1263.2,1065974
2025-11-26 00:00:00+05:30,1257.1,1282.7,1257.1,1276.8,810809
2025-11-27 00:00:00+05:30,1276.0,1279.5,1260.5,1266.4,708607
2025-11-28 00:00:00+05:30,1266.3,1269.7,1258.2,1261.1,626947
2025-12-01 00:00:00+05:30,1260.6,1264.0,1251.6,1260.6,644563
2025-12-02 00:00:00+05:30,1251.0,1261.8,1251.0,1258.9,911551
2025-12-03 00:00:00+05:30,1257.0,1258.0,1236.1,1241.9,642993
2025-12-04 00:00:00+05:30,1241.9,1245.0,1233.2,1242.4,664641
2025-12-05 00:00:00+05:30,1237.5,1249.0,1234.2,1246.9,911699
2025-12-08 00:00:00+05:30,1246.9,1248.0,1212.8,1214.8,1534927
2025-12-09 00:00:00+05:30,1214.9,1221.5,1207.3,1215.8,810028
2025-12-10 00:00:00+05:30,1215.8,1221.8,1205.0,1209.3,514862
2025-12-11 00:00:00+05:30,1209.4,1220.4,1205.8,1215.0,339626
2025-12-12 00:00:00+05:30,1219.0,1240.0,1215.4,1238.3,841766
2025-12-15 00:00:00+05:30,1238.0,1248.0,1225.5,1243.5,857798
2025-12-16 00:00:00+05:30,1236.5,1264.0,1234.4,1240.6,1086329
2025-12-17 00:00:00+05:30,1237.0,1241.4,1224.3,1234.6,526222
2025-12-18 00:00:00+05:30,1234.7,1243.9,1227.5,1233.5,707432
2025-12-19 00:00:00+05:30,1230.8,1246.2,1229.7,1244.4,754446
2025-12-22 00:00:00+05:30,1246.0,1259.9,1240.0,1257.2,880387
2025-12-23 00:00:00+05:30,1260.0,1261.5,1251.1,1256.5,663261
2025-12-24 00:00:00+05:30,1251.1,1264.1,1247.9,1259.7,598956
2025-12-26 00:00:00+05:30,1264.0,1277.0,1251.4,1272.6,1433973
2025-12-29 00:00:00+05:30,1275.0,1286.5,1270.8,1280.0,888206
2025-12-30 00:00:00+05:30,1284.0,1289.0,1267.7,1274.1,2043408
2025-12-31 00:00:00+05:30,1274.2,1294.3,1270.4,1288.0,738631
2026-01-01 00:00:00+05:30,1293.0,1299.0,1284.0,1295.0,932297
2026-01-02 00:00:00+05:30,1292.0,1299.0,1277.6,1279.7,736473
2026-01-05 00:00:00+05:30,1279.0,1320.0,1278.5,1314.6,2397082
2026-01-06 00:00:00+05:30,1319.0,1323.5,1298.4,1319.9,866154
2026-01-07 00:00:00+05:30,1312.5,1332.7,1304.2,1314.8,676669
2026-01-08 00:00:00+05:30,1309.1,1315.1,1299.0,1306.9,555817
2026-01-09 00:00:00+05:30,1306.9,1310.8,1290.1,1299.1,1194489
2026-01-12 00:00:00+05:30,1293.0,1318.0,1291.6,1312.4,1032516
2026-01-13 00:00:00+05:30,1312.4,1321.9,1309.0,1318.7,1316337
2026-01-14 00:00:00+05:30,1321.0,1328.2,1302.2,1307.1,904110
2026-01-16 00:00:00+05:30,1318.2,1320.9,1305.3,1315.9,1491989
2026-01-19 00:00:00+05:30,1306.0,1320.3,1305.5,1315.6,867546
2026-01-20 00:00:00+05:30,1315.0,1317.1,1291.6,1295.7,1173676
2026-01-21 00:00:00+05:30,1298.9,1311.7,1271.3,1283.2,1046054
2026-01-22 00:00:00+05:30,1285.9,1312.0,1272.3,1306.0,994359
2026-01-23 00:00:00+05:30,1310.0,1311.9,1290.3,1293.8,744221
2026-01-27 00:00:00+05:30,1300.0,1314.0,1290.3,1303.3,1159495
2026-01-28 00:00:00+05:30,1297.2,1306.0,1273.0,1292.4,940426
2026-01-29 00:00:00+05:30,1286.5,1294.4,1262.3,1287.9,1151521
2026-01-30 00:00:00+05:30,1286.0,1339.6,1283.0,1332.4,5292100
2026-02-01 00:00:00+05:30,1320.0,1331.8,1265.0,1282.5,1104646
2026-02-02 00:00:00+05:30,1297.5,1311.0,1273.9,1308.3,1254558
2026-02-03 00:00:00+05:30,1330.0,1340.4,1291.1,1308.0,1232271
2026-02-04 00:00:00+05:30,1313.6,1328.0,1295.1,1303.2,875783
2026-02-05 00:00:00+05:30,1304.8,1310.6,1287.0,1303.5,854891
2026-02-06 00:00:00+05:30,1291.1,1305.2,1278.7,1303.3,835646
2026-02-09 00:00:00+05:30,1301.0,1307.0,1290.3,1295.6,746303
2026-02-10 00:00:00+05:30,1296.9,1310.3,1296.5,1308.6,936331
2026-02-11 00:00:00+05:30,1315.0,1324.9,1296.7,1305.3,911500
2026-02-12 00:00:00+05:30,1312.1,1312.1,1295.1,1305.5,534672
2026-02-13 00:00:00+05:30,1305.0,1310.4,1278.0,1282.6,522586
2026-02-16 00:00:00+05:30,1276.7,1295.5,1274.2,1289.8,456222
2026-02-17 00:00:00+05:30,1281.0,1289.6,1278.0,1285.3,396198
2026-02-18 00:00:00+05:30,1286.6,1303.4,1278.0,1300.9,446022
2026-02-19 00:00:00+05:30,1299.8,1300.0,1271.9,1278.5,659360
2026-02-20 00:00:00+05:30,1278.5,1301.0,1276.4,1293.8,754146
2026-02-23 00:00:00+05:30,1299.0,1318.5,1295.5,1315.1,933582
2026-02-24 00:00:00+05:30,1305.6,1323.9,1305.6,1320.0,1120203
2026-02-25 00:00:00+05:30,1328.0,1334.8,1315.0,1323.4,991399
2026-02-26 00:00:00+05:30,1329.2,1329.2,1310.6,1318.0,438946
2026-02-27 00:00:00+05:30,1311.1,1322.9,1286.0,1291.7,1640870
2026-03-02 00:00:00+05:30,1261.9,1288.0,1261.3,1279.7,1161869
2026-03-04 00:00:00+05:30,1259.7,1270.0,1240.0,1245.3,1112032
2026-03-05 00:00:00+05:30,1249.5,1254.4,1222.7,1250.9,935711
2026-03-06 00:00:00+05:30,1250.0,1264.1,1234.2,1252.4,830769
2026-03-09 00:00:00+05:30,1227.0,1242.6,1217.4,1235.8,1467475
2026-03-10 00:00:00+05:30,1236.9,1249.5,1233.5,1241.2,1301806
2026-03-11 00:00:00+05:30,1237.1,1245.9,1226.1,1233.7,1472136
2026-03-12 00:00:00+05:30,1225.0,1229.9,1209.3,1220.8,1358564
2026-03-13 00:00:00+05:30,1219.0,1238.6,1200.6,1202.2,1681371
2026-03-16 00:00:00+05:30,1200.0,1219.3,1196.5,1213.4,1100151
2026-03-17 00:00:00+05:30,1213.4,1225.0,1199.1,1206.9,1673011
2026-03-18 00:00:00+05:30,1206.0,1213.3,1199.9,1204.8,1144239
2026-03-19 00:00:00+05:30,1193.0,1203.0,1177.7,1186.3,826831
2026-03-20 00:00:00+05:30,1204.0,1204.0,1177.6,1193.6,1395157
2026-03-23 00:00:00+05:30,1189.0,1189.0,1164.8,1166.8,944890
2026-03-24 00:00:00+05:30,1180.0,1195.1,1163.2,1183.2,1001494
2026-03-25 00:00:00+05:30,1183.2,1217.8,1180.0,1204.1,1003662
2026-03-27 00:00:00+05:30,1204.1,1215.7,1188.3,1193.2,2005121
2026-03-30 00:00:00+05:30,1185.0,1194.4,1169.6,1174.8,1814954
2026-04-01 00:00:00+05:30,1174.8,1191.6,1167.1,1180.8,1836376
2026-04-02 00:00:00+05:30,1173.3,1200.0,1159.4,1191.3,1357820
